customer_id,type,registered_at,name
C00001,regular,2026-04-24,Regular #001
C00002,regular,2025-07-28,Regular #002
C00003,regular,2025-06-13,Regular #003
C00004,regular,2026-06-15,Regular #004
C00005,regular,2025-10-19,Regular #005
C00006,regular,2025-10-04,Regular #006
C00007,regular,2025-09-23,Regular #007
C00008,regular,2025-08-11,Regular #008
C00009,regular,2026-06-13,Regular #009
C00010,regular,2025-07-23,Regular #010
C00011,regular,2026-05-13,Regular #011
C00012,regular,2026-06-15,Regular #012
C00013,regular,2026-08-31,Regular #013
C00014,regular,2026-03-07,Regular #014
C00015,regular,2025-07-15,Regular #015
C00016,regular,2026-03-30,Regular #016
C00017,regular,2026-01-03,Regular #017
C00018,regular,2025-06-17,Regular #018
C00019,regular,2025-06-16,Regular #019
C00020,regular,2025-07-18,Regular #020
C00021,regular,2025-09-20,Regular #021
C00022,regular,2025-09-28,Regular #022
C00023,regular,2026-02-14,Regular #023
C00024,regular,2026-04-05,Regular #024
C00025,regular,2025-06-14,Regular #025
C00026,regular,2026-03-15,Regular #026
C00027,regular,2025-09-10,Regular #027
C00028,regular,2026-06-02,Regular #028
C00029,regular,2026-04-29,Regular #029
C00030,regular,2026-05-26,Regular #030
C00031,regular,2026-03-07,Regular #031
C00032,regular,2026-01-01,Regular #032
C00033,regular,2025-09-21,Regular #033
C00034,regular,2026-01-16,Regular #034
C00035,regular,2026-03-29,Regular #035
C00036,regular,2025-10-21,Regular #036
C00037,regular,2026-07-20,Regular #037
C00038,regular,2026-08-20,Regular #038
C00039,regular,2025-06-04,Regular #039
C00040,regular,2026-06-24,Regular #040
C00041,regular,2026-07-18,Regular #041
C00042,regular,2025-08-21,Regular #042
C00043,regular,2026-05-24,Regular #043
C00044,regular,2026-01-03,Regular #044
C00045,regular,2025-11-22,Regular #045
C00046,regular,2025-10-21,Regular #046
C00047,regular,2025-08-19,Regular #047
C00048,regular,2025-09-19,Regular #048
C00049,regular,2026-10-04,Regular #049
C00050,regular,2026-06-26,Regular #050
C00051,regular,2025-11-20,Regular #051
C00052,regular,2025-07-23,Regular #052
C00053,regular,2025-07-18,Regular #053
C00054,regular,2025-12-12,Regular #054
C00055,regular,2025-07-20,Regular #055
C00056,regular,2025-12-01,Regular #056
C00057,regular,2026-08-08,Regular #057
C00058,regular,2025-11-24,Regular #058
C00059,regular,2026-04-06,Regular #059
C00060,regular,2025-10-14,Regular #060
C00061,regular,2026-07-19,Regular #061
C00062,regular,2025-06-23,Regular #062
C00063,regular,2026-06-09,Regular #063
C00064,regular,2026-01-22,Regular #064
C00065,regular,2026-03-02,Regular #065
C00066,regular,2025-08-03,Regular #066
C00067,regular,2026-10-12,Regular #067
C00068,regular,2026-09-16,Regular #068
C00069,regular,2025-12-11,Regular #069
C00070,regular,2025-07-11,Regular #070
C00071,regular,2026-03-10,Regular #071
C00072,regular,2025-10-29,Regular #072
C00073,regular,2026-07-30,Regular #073
C00074,regular,2026-04-18,Regular #074
C00075,regular,2026-04-13,Regular #075
C00076,regular,2026-08-28,Regular #076
C00077,regular,2026-08-16,Regular #077
C00078,regular,2025-12-03,Regular #078
C00079,regular,2026-03-23,Regular #079
C00080,regular,2025-09-07,Regular #080
C00081,regular,2026-05-27,Regular #081
C00082,regular,2025-07-06,Regular #082
C00083,regular,2025-06-24,Regular #083
C00084,regular,2026-05-05,Regular #084
C00085,regular,2025-09-25,Regular #085
C00086,regular,2026-07-01,Regular #086
C00087,regular,2025-10-27,Regular #087
C00088,regular,2025-07-11,Regular #088
C00089,regular,2026-08-12,Regular #089
C00090,regular,2025-09-28,Regular #090
C00091,regular,2026-08-18,Regular #091
C00092,regular,2025-07-22,Regular #092
C00093,regular,2025-12-12,Regular #093
C00094,regular,2025-10-21,Regular #094
C00095,regular,2026-01-19,Regular #095
C00096,regular,2026-04-22,Regular #096
C00097,regular,2026-08-02,Regular #097
C00098,regular,2025-12-04,Regular #098
C00099,regular,2025-08-23,Regular #099
C00100,regular,2025-12-07,Regular #100
C00101,regular,2025-11-29,Regular #101
C00102,regular,2025-09-16,Regular #102
C00103,regular,2026-05-10,Regular #103
C00104,regular,2025-10-15,Regular #104
C00105,regular,2026-05-26,Regular #105
C00106,regular,2026-09-23,Regular #106
C00107,regular,2026-05-16,Regular #107
C00108,regular,2026-04-28,Regular #108
C00109,regular,2025-07-07,Regular #109
C00110,regular,2026-04-08,Regular #110
C00111,regular,2026-04-22,Regular #111
C00112,regular,2025-08-27,Regular #112
C00113,regular,2026-03-01,Regular #113
C00114,regular,2026-06-09,Regular #114
C00115,regular,2025-10-04,Regular #115
C00116,regular,2025-08-23,Regular #116
C00117,regular,2026-01-23,Regular #117
C00118,regular,2025-12-12,Regular #118
C00119,regular,2025-10-17,Regular #119
C00120,regular,2026-09-17,Regular #120
W000121,walk_in,,
W000122,walk_in,,
W000123,walk_in,,
W000124,walk_in,,
W000125,walk_in,,
W000126,walk_in,,
W000127,walk_in,,
W000128,walk_in,,
W000129,walk_in,,
W000130,walk_in,,
W000131,walk_in,,
W000132,walk_in,,
W000133,walk_in,,
W000134,walk_in,,
W000135,walk_in,,
W000136,walk_in,,
W000137,walk_in,,
W000138,walk_in,,
W000139,walk_in,,
W000140,walk_in,,
W000141,walk_in,,
W000142,walk_in,,
W000143,walk_in,,
W000144,walk_in,,
W000145,walk_in,,
W000146,walk_in,,
W000147,walk_in,,
W000148,walk_in,,
W000149,walk_in,,
W000150,walk_in,,
W000151,walk_in,,
W000152,walk_in,,
W000153,walk_in,,
W000154,walk_in,,
W000155,walk_in,,
W000156,walk_in,,
W000157,walk_in,,
W000158,walk_in,,
W000159,walk_in,,
W000160,walk_in,,
W000161,walk_in,,
W000162,walk_in,,
W000163,walk_in,,
W000164,walk_in,,
W000165,walk_in,,
W000166,walk_in,,
W000167,walk_in,,
W000168,walk_in,,
W000169,walk_in,,
W000170,walk_in,,
W000171,walk_in,,
W000172,walk_in,,
W000173,walk_in,,
W000174,walk_in,,
W000175,walk_in,,
W000176,walk_in,,
W000177,walk_in,,
W000178,walk_in,,
W000179,walk_in,,
W000180,walk_in,,
W000181,walk_in,,
W000182,walk_in,,
W000183,walk_in,,
W000184,walk_in,,
W000185,walk_in,,
W000186,walk_in,,
W000187,walk_in,,
W000188,walk_in,,
W000189,walk_in,,
W000190,walk_in,,
W000191,walk_in,,
W000192,walk_in,,
W000193,walk_in,,
W000194,walk_in,,
W000195,walk_in,,
W000196,walk_in,,
W000197,walk_in,,
W000198,walk_in,,
W000199,walk_in,,
W000200,walk_in,,
W000201,walk_in,,
W000202,walk_in,,
W000203,walk_in,,
W000204,walk_in,,
W000205,walk_in,,
W000206,walk_in,,
W000207,walk_in,,
W000208,walk_in,,
W000209,walk_in,,
W000210,walk_in,,
W000211,walk_in,,
W000212,walk_in,,
W000213,walk_in,,
W000214,walk_in,,
W000215,walk_in,,
W000216,walk_in,,
W000217,walk_in,,
W000218,walk_in,,
W000219,walk_in,,
W000220,walk_in,,
W000221,walk_in,,
W000222,walk_in,,
W000223,walk_in,,
W000224,walk_in,,
W000225,walk_in,,
W000226,walk_in,,
W000227,walk_in,,
W000228,walk_in,,
W000229,walk_in,,
W000230,walk_in,,
W000231,walk_in,,
W000232,walk_in,,
W000233,walk_in,,
W000234,walk_in,,
W000235,walk_in,,
W000236,walk_in,,
W000237,walk_in,,
W000238,walk_in,,
W000239,walk_in,,
W000240,walk_in,,
W000241,walk_in,,
W000242,walk_in,,
W000243,walk_in,,
W000244,walk_in,,
W000245,walk_in,,
W000246,walk_in,,
W000247,walk_in,,
W000248,walk_in,,
W000249,walk_in,,
W000250,walk_in,,
W000251,walk_in,,
W000252,walk_in,,
W000253,walk_in,,
W000254,walk_in,,
W000255,walk_in,,
W000256,walk_in,,
W000257,walk_in,,
W000258,walk_in,,
W000259,walk_in,,
W000260,walk_in,,
W000261,walk_in,,
W000262,walk_in,,
W000263,walk_in,,
W000264,walk_in,,
W000265,walk_in,,
W000266,walk_in,,
W000267,walk_in,,
W000268,walk_in,,
W000269,walk_in,,
W000270,walk_in,,
W000271,walk_in,,
W000272,walk_in,,
W000273,walk_in,,
W000274,walk_in,,
W000275,walk_in,,
W000276,walk_in,,
W000277,walk_in,,
W000278,walk_in,,
W000279,walk_in,,
W000280,walk_in,,
W000281,walk_in,,
W000282,walk_in,,
W000283,walk_in,,
W000284,walk_in,,
W000285,walk_in,,
W000286,walk_in,,
W000287,walk_in,,
W000288,walk_in,,
W000289,walk_in,,
W000290,walk_in,,
W000291,walk_in,,
W000292,walk_in,,
W000293,walk_in,,
W000294,walk_in,,
W000295,walk_in,,
W000296,walk_in,,
W000297,walk_in,,
W000298,walk_in,,
W000299,walk_in,,
W000300,walk_in,,
W000301,walk_in,,
W000302,walk_in,,
W000303,walk_in,,
W000304,walk_in,,
W000305,walk_in,,
W000306,walk_in,,
W000307,walk_in,,
W000308,walk_in,,
W000309,walk_in,,
W000310,walk_in,,
W000311,walk_in,,
W000312,walk_in,,
W000313,walk_in,,
W000314,walk_in,,
W000315,walk_in,,
W000316,walk_in,,
W000317,walk_in,,
W000318,walk_in,,
W000319,walk_in,,
W000320,walk_in,,
W000321,walk_in,,
W000322,walk_in,,
W000323,walk_in,,
W000324,walk_in,,
W000325,walk_in,,
W000326,walk_in,,
W000327,walk_in,,
W000328,walk_in,,
W000329,walk_in,,
W000330,walk_in,,
W000331,walk_in,,
W000332,walk_in,,
W000333,walk_in,,
W000334,walk_in,,
W000335,walk_in,,
W000336,walk_in,,
W000337,walk_in,,
W000338,walk_in,,
W000339,walk_in,,
W000340,walk_in,,
W000341,walk_in,,
W000342,walk_in,,
W000343,walk_in,,
W000344,walk_in,,
W000345,walk_in,,
W000346,walk_in,,
W000347,walk_in,,
W000348,walk_in,,
W000349,walk_in,,
W000350,walk_in,,
W000351,walk_in,,
W000352,walk_in,,
W000353,walk_in,,
W000354,walk_in,,
W000355,walk_in,,
W000356,walk_in,,
W000357,walk_in,,
W000358,walk_in,,
W000359,walk_in,,
W000360,walk_in,,
W000361,walk_in,,
W000362,walk_in,,
W000363,walk_in,,
W000364,walk_in,,
W000365,walk_in,,
W000366,walk_in,,
W000367,walk_in,,
W000368,walk_in,,
W000369,walk_in,,
W000370,walk_in,,
W000371,walk_in,,
W000372,walk_in,,
W000373,walk_in,,
W000374,walk_in,,
W000375,walk_in,,
W000376,walk_in,,
W000377,walk_in,,
W000378,walk_in,,
W000379,walk_in,,
W000380,walk_in,,
W000381,walk_in,,
W000382,walk_in,,
W000383,walk_in,,
W000384,walk_in,,
W000385,walk_in,,
W000386,walk_in,,
W000387,walk_in,,
W000388,walk_in,,
W000389,walk_in,,
W000390,walk_in,,
W000391,walk_in,,
W000392,walk_in,,
W000393,walk_in,,
W000394,walk_in,,
W000395,walk_in,,
W000396,walk_in,,
W000397,walk_in,,
W000398,walk_in,,
W000399,walk_in,,
W000400,walk_in,,
W000401,walk_in,,
W000402,walk_in,,
W000403,walk_in,,
W000404,walk_in,,
W000405,walk_in,,
W000406,walk_in,,
W000407,walk_in,,
W000408,walk_in,,
W000409,walk_in,,
W000410,walk_in,,
W000411,walk_in,,
W000412,walk_in,,
W000413,walk_in,,
W000414,walk_in,,
W000415,walk_in,,
W000416,walk_in,,
W000417,walk_in,,
W000418,walk_in,,
W000419,walk_in,,
W000420,walk_in,,
W000421,walk_in,,
W000422,walk_in,,
W000423,walk_in,,
W000424,walk_in,,
W000425,walk_in,,
W000426,walk_in,,
W000427,walk_in,,
W000428,walk_in,,
W000429,walk_in,,
W000430,walk_in,,
W000431,walk_in,,
W000432,walk_in,,
W000433,walk_in,,
W000434,walk_in,,
W000435,walk_in,,
W000436,walk_in,,
W000437,walk_in,,
W000438,walk_in,,
W000439,walk_in,,
W000440,walk_in,,
W000441,walk_in,,
W000442,walk_in,,
W000443,walk_in,,
W000444,walk_in,,
W000445,walk_in,,
W000446,walk_in,,
W000447,walk_in,,
W000448,walk_in,,
W000449,walk_in,,
W000450,walk_in,,
W000451,walk_in,,
W000452,walk_in,,
W000453,walk_in,,
W000454,walk_in,,
W000455,walk_in,,
W000456,walk_in,,
W000457,walk_in,,
W000458,walk_in,,
W000459,walk_in,,
W000460,walk_in,,
W000461,walk_in,,
W000462,walk_in,,
W000463,walk_in,,
W000464,walk_in,,
W000465,walk_in,,
W000466,walk_in,,
W000467,walk_in,,
W000468,walk_in,,
W000469,walk_in,,
W000470,walk_in,,
W000471,walk_in,,
W000472,walk_in,,
W000473,walk_in,,
W000474,walk_in,,
W000475,walk_in,,
W000476,walk_in,,
W000477,walk_in,,
W000478,walk_in,,
W000479,walk_in,,
W000480,walk_in,,
W000481,walk_in,,
W000482,walk_in,,
W000483,walk_in,,
W000484,walk_in,,
W000485,walk_in,,
W000486,walk_in,,
W000487,walk_in,,
W000488,walk_in,,
W000489,walk_in,,
W000490,walk_in,,
W000491,walk_in,,
W000492,walk_in,,
W000493,walk_in,,
W000494,walk_in,,
W000495,walk_in,,
W000496,walk_in,,
W000497,walk_in,,
W000498,walk_in,,
W000499,walk_in,,
W000500,walk_in,,
W000501,walk_in,,
W000502,walk_in,,
W000503,walk_in,,
W000504,walk_in,,
W000505,walk_in,,
W000506,walk_in,,
W000507,walk_in,,
W000508,walk_in,,
W000509,walk_in,,
W000510,walk_in,,
W000511,walk_in,,
W000512,walk_in,,
W000513,walk_in,,
W000514,walk_in,,
W000515,walk_in,,
W000516,walk_in,,
W000517,walk_in,,
W000518,walk_in,,
W000519,walk_in,,
W000520,walk_in,,
W000521,walk_in,,
W000522,walk_in,,
W000523,walk_in,,
W000524,walk_in,,
W000525,walk_in,,
W000526,walk_in,,
W000527,walk_in,,
W000528,walk_in,,
W000529,walk_in,,
W000530,walk_in,,
W000531,walk_in,,
W000532,walk_in,,
W000533,walk_in,,
W000534,walk_in,,
W000535,walk_in,,
W000536,walk_in,,
W000537,walk_in,,
W000538,walk_in,,
W000539,walk_in,,
W000540,walk_in,,
W000541,walk_in,,
W000542,walk_in,,
W000543,walk_in,,
W000544,walk_in,,
W000545,walk_in,,
W000546,walk_in,,
W000547,walk_in,,
W000548,walk_in,,
W000549,walk_in,,
W000550,walk_in,,
W000551,walk_in,,
W000552,walk_in,,
W000553,walk_in,,
W000554,walk_in,,
W000555,walk_in,,
W000556,walk_in,,
W000557,walk_in,,
W000558,walk_in,,
W000559,walk_in,,
W000560,walk_in,,
W000561,walk_in,,
W000562,walk_in,,
W000563,walk_in,,
W000564,walk_in,,
W000565,walk_in,,
W000566,walk_in,,
W000567,walk_in,,
W000568,walk_in,,
W000569,walk_in,,
W000570,walk_in,,
W000571,walk_in,,
W000572,walk_in,,
W000573,walk_in,,
W000574,walk_in,,
W000575,walk_in,,
W000576,walk_in,,
W000577,walk_in,,
W000578,walk_in,,
W000579,walk_in,,
W000580,walk_in,,
W000581,walk_in,,
W000582,walk_in,,
W000583,walk_in,,
W000584,walk_in,,
W000585,walk_in,,
W000586,walk_in,,
W000587,walk_in,,
W000588,walk_in,,
W000589,walk_in,,
W000590,walk_in,,
W000591,walk_in,,
W000592,walk_in,,
W000593,walk_in,,
W000594,walk_in,,
W000595,walk_in,,
W000596,walk_in,,
W000597,walk_in,,
W000598,walk_in,,
W000599,walk_in,,
W000600,walk_in,,
W000601,walk_in,,
W000602,walk_in,,
W000603,walk_in,,
W000604,walk_in,,
W000605,walk_in,,
W000606,walk_in,,
W000607,walk_in,,
W000608,walk_in,,
W000609,walk_in,,
W000610,walk_in,,
W000611,walk_in,,
W000612,walk_in,,
W000613,walk_in,,
W000614,walk_in,,
W000615,walk_in,,
W000616,walk_in,,
W000617,walk_in,,
W000618,walk_in,,
W000619,walk_in,,
W000620,walk_in,,
W000621,walk_in,,
W000622,walk_in,,
W000623,walk_in,,
W000624,walk_in,,
W000625,walk_in,,
W000626,walk_in,,
W000627,walk_in,,
W000628,walk_in,,
W000629,walk_in,,
W000630,walk_in,,
W000631,walk_in,,
W000632,walk_in,,
W000633,walk_in,,
W000634,walk_in,,
W000635,walk_in,,
W000636,walk_in,,
W000637,walk_in,,
W000638,walk_in,,
W000639,walk_in,,
W000640,walk_in,,
W000641,walk_in,,
W000642,walk_in,,
W000643,walk_in,,
W000644,walk_in,,
W000645,walk_in,,
W000646,walk_in,,
W000647,walk_in,,
W000648,walk_in,,
W000649,walk_in,,
W000650,walk_in,,
W000651,walk_in,,
W000652,walk_in,,
W000653,walk_in,,
W000654,walk_in,,
W000655,walk_in,,
W000656,walk_in,,
W000657,walk_in,,
W000658,walk_in,,
W000659,walk_in,,
W000660,walk_in,,
W000661,walk_in,,
W000662,walk_in,,
W000663,walk_in,,
W000664,walk_in,,
W000665,walk_in,,
W000666,walk_in,,
W000667,walk_in,,
W000668,walk_in,,
W000669,walk_in,,
W000670,walk_in,,
W000671,walk_in,,
W000672,walk_in,,
W000673,walk_in,,
W000674,walk_in,,
W000675,walk_in,,
W000676,walk_in,,
W000677,walk_in,,
W000678,walk_in,,
W000679,walk_in,,
W000680,walk_in,,
W000681,walk_in,,
W000682,walk_in,,
W000683,walk_in,,
W000684,walk_in,,
W000685,walk_in,,
W000686,walk_in,,
W000687,walk_in,,
W000688,walk_in,,
W000689,walk_in,,
W000690,walk_in,,
W000691,walk_in,,
W000692,walk_in,,
W000693,walk_in,,
W000694,walk_in,,
W000695,walk_in,,
W000696,walk_in,,
W000697,walk_in,,
W000698,walk_in,,
W000699,walk_in,,
W000700,walk_in,,
W000701,walk_in,,
W000702,walk_in,,
W000703,walk_in,,
W000704,walk_in,,
W000705,walk_in,,
W000706,walk_in,,
W000707,walk_in,,
W000708,walk_in,,
W000709,walk_in,,
W000710,walk_in,,
W000711,walk_in,,
W000712,walk_in,,
W000713,walk_in,,
W000714,walk_in,,
W000715,walk_in,,
W000716,walk_in,,
W000717,walk_in,,
W000718,walk_in,,
W000719,walk_in,,
W000720,walk_in,,
W000721,walk_in,,
W000722,walk_in,,
W000723,walk_in,,
W000724,walk_in,,
W000725,walk_in,,
W000726,walk_in,,
W000727,walk_in,,
W000728,walk_in,,
W000729,walk_in,,
W000730,walk_in,,
W000731,walk_in,,
W000732,walk_in,,
W000733,walk_in,,
W000734,walk_in,,
W000735,walk_in,,
W000736,walk_in,,
W000737,walk_in,,
W000738,walk_in,,
W000739,walk_in,,
W000740,walk_in,,
W000741,walk_in,,
W000742,walk_in,,
W000743,walk_in,,
W000744,walk_in,,
W000745,walk_in,,
W000746,walk_in,,
W000747,walk_in,,
W000748,walk_in,,
W000749,walk_in,,
W000750,walk_in,,
W000751,walk_in,,
W000752,walk_in,,
W000753,walk_in,,
W000754,walk_in,,
W000755,walk_in,,
W000756,walk_in,,
W000757,walk_in,,
W000758,walk_in,,
W000759,walk_in,,
W000760,walk_in,,
W000761,walk_in,,
W000762,walk_in,,
W000763,walk_in,,
W000764,walk_in,,
W000765,walk_in,,
W000766,walk_in,,
W000767,walk_in,,
W000768,walk_in,,
W000769,walk_in,,
W000770,walk_in,,
W000771,walk_in,,
W000772,walk_in,,
W000773,walk_in,,
W000774,walk_in,,
W000775,walk_in,,
W000776,walk_in,,
W000777,walk_in,,
W000778,walk_in,,
W000779,walk_in,,
W000780,walk_in,,
W000781,walk_in,,
W000782,walk_in,,
W000783,walk_in,,
W000784,walk_in,,
W000785,walk_in,,
W000786,walk_in,,
W000787,walk_in,,
W000788,walk_in,,
W000789,walk_in,,
W000790,walk_in,,
W000791,walk_in,,
W000792,walk_in,,
W000793,walk_in,,
W000794,walk_in,,
W000795,walk_in,,
W000796,walk_in,,
W000797,walk_in,,
W000798,walk_in,,
W000799,walk_in,,
W000800,walk_in,,
W000801,walk_in,,
W000802,walk_in,,
W000803,walk_in,,
W000804,walk_in,,
W000805,walk_in,,
W000806,walk_in,,
W000807,walk_in,,
W000808,walk_in,,
W000809,walk_in,,
W000810,walk_in,,
W000811,walk_in,,
W000812,walk_in,,
W000813,walk_in,,
W000814,walk_in,,
W000815,walk_in,,
W000816,walk_in,,
W000817,walk_in,,
W000818,walk_in,,
W000819,walk_in,,
W000820,walk_in,,
W000821,walk_in,,
W000822,walk_in,,
W000823,walk_in,,
W000824,walk_in,,
W000825,walk_in,,
W000826,walk_in,,
W000827,walk_in,,
W000828,walk_in,,
W000829,walk_in,,
W000830,walk_in,,
W000831,walk_in,,
W000832,walk_in,,
W000833,walk_in,,
W000834,walk_in,,
W000835,walk_in,,
W000836,walk_in,,
W000837,walk_in,,
W000838,walk_in,,
W000839,walk_in,,
W000840,walk_in,,
W000841,walk_in,,
W000842,walk_in,,
W000843,walk_in,,
W000844,walk_in,,
W000845,walk_in,,
W000846,walk_in,,
W000847,walk_in,,
W000848,walk_in,,
W000849,walk_in,,
W000850,walk_in,,
W000851,walk_in,,
W000852,walk_in,,
W000853,walk_in,,
W000854,walk_in,,
W000855,walk_in,,
W000856,walk_in,,
W000857,walk_in,,
W000858,walk_in,,
W000859,walk_in,,
W000860,walk_in,,
W000861,walk_in,,
W000862,walk_in,,
W000863,walk_in,,
W000864,walk_in,,
W000865,walk_in,,
W000866,walk_in,,
W000867,walk_in,,
W000868,walk_in,,
W000869,walk_in,,
W000870,walk_in,,
W000871,walk_in,,
W000872,walk_in,,
W000873,walk_in,,
W000874,walk_in,,
W000875,walk_in,,
W000876,walk_in,,
W000877,walk_in,,
W000878,walk_in,,
W000879,walk_in,,
W000880,walk_in,,
W000881,walk_in,,
W000882,walk_in,,
W000883,walk_in,,
W000884,walk_in,,
W000885,walk_in,,
W000886,walk_in,,
W000887,walk_in,,
W000888,walk_in,,
W000889,walk_in,,
W000890,walk_in,,
W000891,walk_in,,
W000892,walk_in,,
W000893,walk_in,,
W000894,walk_in,,
W000895,walk_in,,
W000896,walk_in,,
W000897,walk_in,,
W000898,walk_in,,
W000899,walk_in,,
W000900,walk_in,,
W000901,walk_in,,
W000902,walk_in,,
W000903,walk_in,,
W000904,walk_in,,
W000905,walk_in,,
W000906,walk_in,,
W000907,walk_in,,
W000908,walk_in,,
W000909,walk_in,,
W000910,walk_in,,
W000911,walk_in,,
W000912,walk_in,,
W000913,walk_in,,
W000914,walk_in,,
W000915,walk_in,,
W000916,walk_in,,
W000917,walk_in,,
W000918,walk_in,,
W000919,walk_in,,
W000920,walk_in,,
W000921,walk_in,,
W000922,walk_in,,
W000923,walk_in,,
W000924,walk_in,,
W000925,walk_in,,
W000926,walk_in,,
W000927,walk_in,,
W000928,walk_in,,
W000929,walk_in,,
W000930,walk_in,,
W000931,walk_in,,
W000932,walk_in,,
W000933,walk_in,,
W000934,walk_in,,
W000935,walk_in,,
W000936,walk_in,,
W000937,walk_in,,
W000938,walk_in,,
W000939,walk_in,,
W000940,walk_in,,
W000941,walk_in,,
W000942,walk_in,,
W000943,walk_in,,
W000944,walk_in,,
W000945,walk_in,,
W000946,walk_in,,
W000947,walk_in,,
W000948,walk_in,,
W000949,walk_in,,
W000950,walk_in,,
W000951,walk_in,,
W000952,walk_in,,
W000953,walk_in,,
W000954,walk_in,,
W000955,walk_in,,
W000956,walk_in,,
W000957,walk_in,,
W000958,walk_in,,
W000959,walk_in,,
W000960,walk_in,,
W000961,walk_in,,
W000962,walk_in,,
W000963,walk_in,,
W000964,walk_in,,
W000965,walk_in,,
W000966,walk_in,,
W000967,walk_in,,
W000968,walk_in,,
W000969,walk_in,,
W000970,walk_in,,
W000971,walk_in,,
W000972,walk_in,,
W000973,walk_in,,
W000974,walk_in,,
W000975,walk_in,,
W000976,walk_in,,
W000977,walk_in,,
W000978,walk_in,,
W000979,walk_in,,
W000980,walk_in,,
W000981,walk_in,,
W000982,walk_in,,
W000983,walk_in,,
W000984,walk_in,,
W000985,walk_in,,
W000986,walk_in,,
W000987,walk_in,,
W000988,walk_in,,
W000989,walk_in,,
W000990,walk_in,,
W000991,walk_in,,
W000992,walk_in,,
W000993,walk_in,,
W000994,walk_in,,
W000995,walk_in,,
W000996,walk_in,,
W000997,walk_in,,
W000998,walk_in,,
W000999,walk_in,,
W001000,walk_in,,
W001001,walk_in,,
W001002,walk_in,,
W001003,walk_in,,
W001004,walk_in,,
W001005,walk_in,,
W001006,walk_in,,
W001007,walk_in,,
W001008,walk_in,,
W001009,walk_in,,
W001010,walk_in,,
W001011,walk_in,,
W001012,walk_in,,
W001013,walk_in,,
W001014,walk_in,,
W001015,walk_in,,
W001016,walk_in,,
W001017,walk_in,,
W001018,walk_in,,
W001019,walk_in,,
W001020,walk_in,,
W001021,walk_in,,
W001022,walk_in,,
W001023,walk_in,,
W001024,walk_in,,
W001025,walk_in,,
W001026,walk_in,,
W001027,walk_in,,
W001028,walk_in,,
W001029,walk_in,,
W001030,walk_in,,
W001031,walk_in,,
W001032,walk_in,,
W001033,walk_in,,
W001034,walk_in,,
W001035,walk_in,,
W001036,walk_in,,
W001037,walk_in,,
W001038,walk_in,,
W001039,walk_in,,
W001040,walk_in,,
W001041,walk_in,,
W001042,walk_in,,
W001043,walk_in,,
W001044,walk_in,,
W001045,walk_in,,
W001046,walk_in,,
W001047,walk_in,,
W001048,walk_in,,
W001049,walk_in,,
W001050,walk_in,,
W001051,walk_in,,
W001052,walk_in,,
W001053,walk_in,,
W001054,walk_in,,
W001055,walk_in,,
W001056,walk_in,,
W001057,walk_in,,
W001058,walk_in,,
W001059,walk_in,,
W001060,walk_in,,
W001061,walk_in,,
W001062,walk_in,,
W001063,walk_in,,
W001064,walk_in,,
W001065,walk_in,,
W001066,walk_in,,
W001067,walk_in,,
W001068,walk_in,,
W001069,walk_in,,
W001070,walk_in,,
W001071,walk_in,,
W001072,walk_in,,
W001073,walk_in,,
W001074,walk_in,,
W001075,walk_in,,
W001076,walk_in,,
W001077,walk_in,,
W001078,walk_in,,
W001079,walk_in,,
W001080,walk_in,,
W001081,walk_in,,
W001082,walk_in,,
W001083,walk_in,,
W001084,walk_in,,
W001085,walk_in,,
W001086,walk_in,,
W001087,walk_in,,
W001088,walk_in,,
W001089,walk_in,,
W001090,walk_in,,
W001091,walk_in,,
W001092,walk_in,,
W001093,walk_in,,
W001094,walk_in,,
W001095,walk_in,,
W001096,walk_in,,
W001097,walk_in,,
W001098,walk_in,,
W001099,walk_in,,
W001100,walk_in,,
W001101,walk_in,,
W001102,walk_in,,
W001103,walk_in,,
W001104,walk_in,,
W001105,walk_in,,
W001106,walk_in,,
W001107,walk_in,,
W001108,walk_in,,
W001109,walk_in,,
W001110,walk_in,,
W001111,walk_in,,
W001112,walk_in,,
W001113,walk_in,,
W001114,walk_in,,
W001115,walk_in,,
W001116,walk_in,,
W001117,walk_in,,
W001118,walk_in,,
W001119,walk_in,,
W001120,walk_in,,
W001121,walk_in,,
W001122,walk_in,,
W001123,walk_in,,
W001124,walk_in,,
W001125,walk_in,,
W001126,walk_in,,
W001127,walk_in,,
W001128,walk_in,,
W001129,walk_in,,
W001130,walk_in,,
W001131,walk_in,,
W001132,walk_in,,
W001133,walk_in,,
W001134,walk_in,,
W001135,walk_in,,
W001136,walk_in,,
W001137,walk_in,,
W001138,walk_in,,
W001139,walk_in,,
W001140,walk_in,,
W001141,walk_in,,
W001142,walk_in,,
W001143,walk_in,,
W001144,walk_in,,
W001145,walk_in,,
W001146,walk_in,,
W001147,walk_in,,
W001148,walk_in,,
W001149,walk_in,,
W001150,walk_in,,
W001151,walk_in,,
W001152,walk_in,,
W001153,walk_in,,
W001154,walk_in,,
W001155,walk_in,,
W001156,walk_in,,
W001157,walk_in,,
W001158,walk_in,,
W001159,walk_in,,
W001160,walk_in,,
W001161,walk_in,,
W001162,walk_in,,
W001163,walk_in,,
W001164,walk_in,,
W001165,walk_in,,
W001166,walk_in,,
W001167,walk_in,,
W001168,walk_in,,
W001169,walk_in,,
W001170,walk_in,,
W001171,walk_in,,
W001172,walk_in,,
W001173,walk_in,,
W001174,walk_in,,
W001175,walk_in,,
W001176,walk_in,,
W001177,walk_in,,
W001178,walk_in,,
W001179,walk_in,,
W001180,walk_in,,
W001181,walk_in,,
W001182,walk_in,,
W001183,walk_in,,
W001184,walk_in,,
W001185,walk_in,,
W001186,walk_in,,
W001187,walk_in,,
W001188,walk_in,,
W001189,walk_in,,
W001190,walk_in,,
W001191,walk_in,,
W001192,walk_in,,
W001193,walk_in,,
W001194,walk_in,,
W001195,walk_in,,
W001196,walk_in,,
W001197,walk_in,,
W001198,walk_in,,
W001199,walk_in,,
W001200,walk_in,,
W001201,walk_in,,
W001202,walk_in,,
W001203,walk_in,,
W001204,walk_in,,
W001205,walk_in,,
W001206,walk_in,,
W001207,walk_in,,
W001208,walk_in,,
W001209,walk_in,,
W001210,walk_in,,
W001211,walk_in,,
W001212,walk_in,,
W001213,walk_in,,
W001214,walk_in,,
W001215,walk_in,,
W001216,walk_in,,
W001217,walk_in,,
W001218,walk_in,,
W001219,walk_in,,
W001220,walk_in,,
W001221,walk_in,,
W001222,walk_in,,
W001223,walk_in,,
W001224,walk_in,,
W001225,walk_in,,
W001226,walk_in,,
W001227,walk_in,,
W001228,walk_in,,
W001229,walk_in,,
W001230,walk_in,,
W001231,walk_in,,
W001232,walk_in,,
W001233,walk_in,,
W001234,walk_in,,
W001235,walk_in,,
W001236,walk_in,,
W001237,walk_in,,
W001238,walk_in,,
W001239,walk_in,,
W001240,walk_in,,
W001241,walk_in,,
W001242,walk_in,,
W001243,walk_in,,
W001244,walk_in,,
W001245,walk_in,,
W001246,walk_in,,
W001247,walk_in,,
W001248,walk_in,,
W001249,walk_in,,
W001250,walk_in,,
W001251,walk_in,,
W001252,walk_in,,
W001253,walk_in,,
W001254,walk_in,,
W001255,walk_in,,
W001256,walk_in,,
W001257,walk_in,,
W001258,walk_in,,
W001259,walk_in,,
W001260,walk_in,,
W001261,walk_in,,
W001262,walk_in,,
W001263,walk_in,,
W001264,walk_in,,
W001265,walk_in,,
W001266,walk_in,,
W001267,walk_in,,
W001268,walk_in,,
W001269,walk_in,,
W001270,walk_in,,
W001271,walk_in,,
W001272,walk_in,,
W001273,walk_in,,
W001274,walk_in,,
W001275,walk_in,,
W001276,walk_in,,
W001277,walk_in,,
W001278,walk_in,,
W001279,walk_in,,
W001280,walk_in,,
W001281,walk_in,,
W001282,walk_in,,
W001283,walk_in,,
W001284,walk_in,,
W001285,walk_in,,
W001286,walk_in,,
W001287,walk_in,,
W001288,walk_in,,
W001289,walk_in,,
W001290,walk_in,,
W001291,walk_in,,
W001292,walk_in,,
W001293,walk_in,,
W001294,walk_in,,
W001295,walk_in,,
W001296,walk_in,,
W001297,walk_in,,
W001298,walk_in,,
W001299,walk_in,,
W001300,walk_in,,
W001301,walk_in,,
W001302,walk_in,,
W001303,walk_in,,
W001304,walk_in,,
W001305,walk_in,,
W001306,walk_in,,
W001307,walk_in,,
W001308,walk_in,,
W001309,walk_in,,
W001310,walk_in,,
W001311,walk_in,,
W001312,walk_in,,
W001313,walk_in,,
W001314,walk_in,,
W001315,walk_in,,
W001316,walk_in,,
W001317,walk_in,,
W001318,walk_in,,
W001319,walk_in,,
W001320,walk_in,,
W001321,walk_in,,
W001322,walk_in,,
W001323,walk_in,,
W001324,walk_in,,
W001325,walk_in,,
W001326,walk_in,,
W001327,walk_in,,
W001328,walk_in,,
W001329,walk_in,,
W001330,walk_in,,
W001331,walk_in,,
W001332,walk_in,,
W001333,walk_in,,
W001334,walk_in,,
W001335,walk_in,,
W001336,walk_in,,
W001337,walk_in,,
W001338,walk_in,,
W001339,walk_in,,
W001340,walk_in,,
W001341,walk_in,,
W001342,walk_in,,
W001343,walk_in,,
W001344,walk_in,,
W001345,walk_in,,
W001346,walk_in,,
W001347,walk_in,,
W001348,walk_in,,
W001349,walk_in,,
W001350,walk_in,,
W001351,walk_in,,
W001352,walk_in,,
W001353,walk_in,,
W001354,walk_in,,
W001355,walk_in,,
W001356,walk_in,,
W001357,walk_in,,
W001358,walk_in,,
W001359,walk_in,,
W001360,walk_in,,
W001361,walk_in,,
W001362,walk_in,,
W001363,walk_in,,
W001364,walk_in,,
W001365,walk_in,,
W001366,walk_in,,
W001367,walk_in,,
W001368,walk_in,,
W001369,walk_in,,
W001370,walk_in,,
W001371,walk_in,,
W001372,walk_in,,
W001373,walk_in,,
W001374,walk_in,,
W001375,walk_in,,
W001376,walk_in,,
W001377,walk_in,,
W001378,walk_in,,
W001379,walk_in,,
W001380,walk_in,,
W001381,walk_in,,
W001382,walk_in,,
W001383,walk_in,,
W001384,walk_in,,
W001385,walk_in,,
W001386,walk_in,,
W001387,walk_in,,
W001388,walk_in,,
W001389,walk_in,,
W001390,walk_in,,
W001391,walk_in,,
W001392,walk_in,,
W001393,walk_in,,
W001394,walk_in,,
W001395,walk_in,,
W001396,walk_in,,
W001397,walk_in,,
W001398,walk_in,,
W001399,walk_in,,
W001400,walk_in,,
W001401,walk_in,,
W001402,walk_in,,
W001403,walk_in,,
W001404,walk_in,,
W001405,walk_in,,
W001406,walk_in,,
W001407,walk_in,,
W001408,walk_in,,
W001409,walk_in,,
W001410,walk_in,,
W001411,walk_in,,
W001412,walk_in,,
W001413,walk_in,,
W001414,walk_in,,
W001415,walk_in,,
W001416,walk_in,,
W001417,walk_in,,
W001418,walk_in,,
W001419,walk_in,,
W001420,walk_in,,
W001421,walk_in,,
W001422,walk_in,,
W001423,walk_in,,
W001424,walk_in,,
W001425,walk_in,,
W001426,walk_in,,
W001427,walk_in,,
W001428,walk_in,,
W001429,walk_in,,
W001430,walk_in,,
W001431,walk_in,,
W001432,walk_in,,
W001433,walk_in,,
W001434,walk_in,,
W001435,walk_in,,
W001436,walk_in,,
W001437,walk_in,,
W001438,walk_in,,
W001439,walk_in,,
W001440,walk_in,,
W001441,walk_in,,
W001442,walk_in,,
W001443,walk_in,,
W001444,walk_in,,
W001445,walk_in,,
W001446,walk_in,,
W001447,walk_in,,
W001448,walk_in,,
W001449,walk_in,,
W001450,walk_in,,
W001451,walk_in,,
W001452,walk_in,,
W001453,walk_in,,
W001454,walk_in,,
W001455,walk_in,,
W001456,walk_in,,
W001457,walk_in,,
W001458,walk_in,,
W001459,walk_in,,
W001460,walk_in,,
W001461,walk_in,,
W001462,walk_in,,
W001463,walk_in,,
W001464,walk_in,,
W001465,walk_in,,
W001466,walk_in,,
W001467,walk_in,,
W001468,walk_in,,
W001469,walk_in,,
W001470,walk_in,,
W001471,walk_in,,
W001472,walk_in,,
W001473,walk_in,,
W001474,walk_in,,
W001475,walk_in,,
W001476,walk_in,,
W001477,walk_in,,
W001478,walk_in,,
W001479,walk_in,,
W001480,walk_in,,
W001481,walk_in,,
W001482,walk_in,,
W001483,walk_in,,
W001484,walk_in,,
W001485,walk_in,,
W001486,walk_in,,
W001487,walk_in,,
W001488,walk_in,,
W001489,walk_in,,
W001490,walk_in,,
W001491,walk_in,,
W001492,walk_in,,
W001493,walk_in,,
W001494,walk_in,,
W001495,walk_in,,
W001496,walk_in,,
W001497,walk_in,,
W001498,walk_in,,
W001499,walk_in,,
W001500,walk_in,,
W001501,walk_in,,
W001502,walk_in,,
W001503,walk_in,,
W001504,walk_in,,
W001505,walk_in,,
W001506,walk_in,,
W001507,walk_in,,
W001508,walk_in,,
W001509,walk_in,,
W001510,walk_in,,
W001511,walk_in,,
W001512,walk_in,,
W001513,walk_in,,
W001514,walk_in,,
W001515,walk_in,,
W001516,walk_in,,
W001517,walk_in,,
W001518,walk_in,,
W001519,walk_in,,
W001520,walk_in,,
W001521,walk_in,,
W001522,walk_in,,
W001523,walk_in,,
W001524,walk_in,,
W001525,walk_in,,
W001526,walk_in,,
W001527,walk_in,,
W001528,walk_in,,
W001529,walk_in,,
W001530,walk_in,,
W001531,walk_in,,
W001532,walk_in,,
W001533,walk_in,,
W001534,walk_in,,
W001535,walk_in,,
W001536,walk_in,,
W001537,walk_in,,
W001538,walk_in,,
W001539,walk_in,,
W001540,walk_in,,
W001541,walk_in,,
W001542,walk_in,,
W001543,walk_in,,
W001544,walk_in,,
W001545,walk_in,,
W001546,walk_in,,
W001547,walk_in,,
W001548,walk_in,,
W001549,walk_in,,
W001550,walk_in,,
W001551,walk_in,,
W001552,walk_in,,
W001553,walk_in,,
W001554,walk_in,,
W001555,walk_in,,
W001556,walk_in,,
W001557,walk_in,,
W001558,walk_in,,
W001559,walk_in,,
W001560,walk_in,,
W001561,walk_in,,
W001562,walk_in,,
W001563,walk_in,,
W001564,walk_in,,
W001565,walk_in,,
W001566,walk_in,,
W001567,walk_in,,
W001568,walk_in,,
W001569,walk_in,,
W001570,walk_in,,
W001571,walk_in,,
W001572,walk_in,,
W001573,walk_in,,
W001574,walk_in,,
W001575,walk_in,,
W001576,walk_in,,
W001577,walk_in,,
W001578,walk_in,,
W001579,walk_in,,
W001580,walk_in,,
W001581,walk_in,,
W001582,walk_in,,
W001583,walk_in,,
W001584,walk_in,,
W001585,walk_in,,
W001586,walk_in,,
W001587,walk_in,,
W001588,walk_in,,
W001589,walk_in,,
W001590,walk_in,,
W001591,walk_in,,
W001592,walk_in,,
W001593,walk_in,,
W001594,walk_in,,
W001595,walk_in,,
W001596,walk_in,,
W001597,walk_in,,
W001598,walk_in,,
W001599,walk_in,,
W001600,walk_in,,
W001601,walk_in,,
W001602,walk_in,,
W001603,walk_in,,
W001604,walk_in,,
W001605,walk_in,,
W001606,walk_in,,
W001607,walk_in,,
W001608,walk_in,,
W001609,walk_in,,
W001610,walk_in,,
W001611,walk_in,,
W001612,walk_in,,
W001613,walk_in,,
W001614,walk_in,,
W001615,walk_in,,
W001616,walk_in,,
W001617,walk_in,,
W001618,walk_in,,
W001619,walk_in,,
W001620,walk_in,,
W001621,walk_in,,
W001622,walk_in,,
W001623,walk_in,,
W001624,walk_in,,
W001625,walk_in,,
W001626,walk_in,,
W001627,walk_in,,
W001628,walk_in,,
W001629,walk_in,,
W001630,walk_in,,
W001631,walk_in,,
W001632,walk_in,,
W001633,walk_in,,
W001634,walk_in,,
W001635,walk_in,,
W001636,walk_in,,
W001637,walk_in,,
W001638,walk_in,,
W001639,walk_in,,
W001640,walk_in,,
W001641,walk_in,,
W001642,walk_in,,
W001643,walk_in,,
W001644,walk_in,,
W001645,walk_in,,
W001646,walk_in,,
W001647,walk_in,,
W001648,walk_in,,
W001649,walk_in,,
W001650,walk_in,,
W001651,walk_in,,
W001652,walk_in,,
W001653,walk_in,,
W001654,walk_in,,
W001655,walk_in,,
W001656,walk_in,,
W001657,walk_in,,
W001658,walk_in,,
W001659,walk_in,,
W001660,walk_in,,
W001661,walk_in,,
W001662,walk_in,,
W001663,walk_in,,
W001664,walk_in,,
W001665,walk_in,,
W001666,walk_in,,
W001667,walk_in,,
W001668,walk_in,,
W001669,walk_in,,
W001670,walk_in,,
W001671,walk_in,,
W001672,walk_in,,
W001673,walk_in,,
W001674,walk_in,,
W001675,walk_in,,
W001676,walk_in,,
W001677,walk_in,,
W001678,walk_in,,
W001679,walk_in,,
W001680,walk_in,,
W001681,walk_in,,
W001682,walk_in,,
W001683,walk_in,,
W001684,walk_in,,
W001685,walk_in,,
W001686,walk_in,,
W001687,walk_in,,
W001688,walk_in,,
W001689,walk_in,,
W001690,walk_in,,
W001691,walk_in,,
W001692,walk_in,,
W001693,walk_in,,
W001694,walk_in,,
W001695,walk_in,,
W001696,walk_in,,
W001697,walk_in,,
W001698,walk_in,,
W001699,walk_in,,
W001700,walk_in,,
W001701,walk_in,,
W001702,walk_in,,
W001703,walk_in,,
W001704,walk_in,,
W001705,walk_in,,
W001706,walk_in,,
W001707,walk_in,,
W001708,walk_in,,
W001709,walk_in,,
W001710,walk_in,,
W001711,walk_in,,
W001712,walk_in,,
W001713,walk_in,,
W001714,walk_in,,
W001715,walk_in,,
W001716,walk_in,,
W001717,walk_in,,
W001718,walk_in,,
W001719,walk_in,,
W001720,walk_in,,
W001721,walk_in,,
W001722,walk_in,,
W001723,walk_in,,
W001724,walk_in,,
W001725,walk_in,,
W001726,walk_in,,
W001727,walk_in,,
W001728,walk_in,,
W001729,walk_in,,
W001730,walk_in,,
W001731,walk_in,,
W001732,walk_in,,
W001733,walk_in,,
W001734,walk_in,,
W001735,walk_in,,
W001736,walk_in,,
W001737,walk_in,,
W001738,walk_in,,
W001739,walk_in,,
W001740,walk_in,,
W001741,walk_in,,
W001742,walk_in,,
W001743,walk_in,,
W001744,walk_in,,
W001745,walk_in,,
W001746,walk_in,,
W001747,walk_in,,
W001748,walk_in,,
W001749,walk_in,,
W001750,walk_in,,
W001751,walk_in,,
W001752,walk_in,,
W001753,walk_in,,
W001754,walk_in,,
W001755,walk_in,,
W001756,walk_in,,
W001757,walk_in,,
W001758,walk_in,,
W001759,walk_in,,
W001760,walk_in,,
W001761,walk_in,,
W001762,walk_in,,
W001763,walk_in,,
W001764,walk_in,,
W001765,walk_in,,
W001766,walk_in,,
W001767,walk_in,,
W001768,walk_in,,
W001769,walk_in,,
W001770,walk_in,,
W001771,walk_in,,
W001772,walk_in,,
W001773,walk_in,,
W001774,walk_in,,
W001775,walk_in,,
W001776,walk_in,,
W001777,walk_in,,
W001778,walk_in,,
W001779,walk_in,,
W001780,walk_in,,
W001781,walk_in,,
W001782,walk_in,,
W001783,walk_in,,
W001784,walk_in,,
W001785,walk_in,,
W001786,walk_in,,
W001787,walk_in,,
W001788,walk_in,,
W001789,walk_in,,
W001790,walk_in,,
W001791,walk_in,,
W001792,walk_in,,
W001793,walk_in,,
W001794,walk_in,,
W001795,walk_in,,
W001796,walk_in,,
W001797,walk_in,,
W001798,walk_in,,
W001799,walk_in,,
W001800,walk_in,,
W001801,walk_in,,
W001802,walk_in,,
W001803,walk_in,,
W001804,walk_in,,
W001805,walk_in,,
W001806,walk_in,,
W001807,walk_in,,
W001808,walk_in,,
W001809,walk_in,,
W001810,walk_in,,
W001811,walk_in,,
W001812,walk_in,,
W001813,walk_in,,
W001814,walk_in,,
W001815,walk_in,,
W001816,walk_in,,
W001817,walk_in,,
W001818,walk_in,,
W001819,walk_in,,
W001820,walk_in,,
W001821,walk_in,,
W001822,walk_in,,
W001823,walk_in,,
W001824,walk_in,,
W001825,walk_in,,
W001826,walk_in,,
W001827,walk_in,,
W001828,walk_in,,
W001829,walk_in,,
W001830,walk_in,,
W001831,walk_in,,
W001832,walk_in,,
W001833,walk_in,,
W001834,walk_in,,
W001835,walk_in,,
W001836,walk_in,,
W001837,walk_in,,
W001838,walk_in,,
W001839,walk_in,,
W001840,walk_in,,
W001841,walk_in,,
W001842,walk_in,,
W001843,walk_in,,
W001844,walk_in,,
W001845,walk_in,,
W001846,walk_in,,
W001847,walk_in,,
W001848,walk_in,,
W001849,walk_in,,
W001850,walk_in,,
W001851,walk_in,,
W001852,walk_in,,
W001853,walk_in,,
W001854,walk_in,,
W001855,walk_in,,
W001856,walk_in,,
W001857,walk_in,,
W001858,walk_in,,
W001859,walk_in,,
W001860,walk_in,,
W001861,walk_in,,
W001862,walk_in,,
W001863,walk_in,,
W001864,walk_in,,
W001865,walk_in,,
W001866,walk_in,,
W001867,walk_in,,
W001868,walk_in,,
W001869,walk_in,,
W001870,walk_in,,
W001871,walk_in,,
W001872,walk_in,,
W001873,walk_in,,
W001874,walk_in,,
W001875,walk_in,,
W001876,walk_in,,
W001877,walk_in,,
W001878,walk_in,,
W001879,walk_in,,
W001880,walk_in,,
W001881,walk_in,,
W001882,walk_in,,
W001883,walk_in,,
W001884,walk_in,,
W001885,walk_in,,
W001886,walk_in,,
W001887,walk_in,,
W001888,walk_in,,
W001889,walk_in,,
W001890,walk_in,,
W001891,walk_in,,
W001892,walk_in,,
W001893,walk_in,,
W001894,walk_in,,
W001895,walk_in,,
W001896,walk_in,,
W001897,walk_in,,
W001898,walk_in,,
W001899,walk_in,,
W001900,walk_in,,
W001901,walk_in,,
W001902,walk_in,,
W001903,walk_in,,
W001904,walk_in,,
W001905,walk_in,,
W001906,walk_in,,
W001907,walk_in,,
W001908,walk_in,,
W001909,walk_in,,
W001910,walk_in,,
W001911,walk_in,,
W001912,walk_in,,
W001913,walk_in,,
W001914,walk_in,,
W001915,walk_in,,
W001916,walk_in,,
W001917,walk_in,,
W001918,walk_in,,
W001919,walk_in,,
W001920,walk_in,,
W001921,walk_in,,
W001922,walk_in,,
W001923,walk_in,,
W001924,walk_in,,
W001925,walk_in,,
W001926,walk_in,,
W001927,walk_in,,
W001928,walk_in,,
W001929,walk_in,,
W001930,walk_in,,
W001931,walk_in,,
W001932,walk_in,,
W001933,walk_in,,
W001934,walk_in,,
W001935,walk_in,,
W001936,walk_in,,
W001937,walk_in,,
W001938,walk_in,,
W001939,walk_in,,
W001940,walk_in,,
W001941,walk_in,,
W001942,walk_in,,
W001943,walk_in,,
W001944,walk_in,,
W001945,walk_in,,
W001946,walk_in,,
W001947,walk_in,,
W001948,walk_in,,
W001949,walk_in,,
W001950,walk_in,,
W001951,walk_in,,
W001952,walk_in,,
W001953,walk_in,,
W001954,walk_in,,
W001955,walk_in,,
W001956,walk_in,,
W001957,walk_in,,
W001958,walk_in,,
W001959,walk_in,,
W001960,walk_in,,
W001961,walk_in,,
W001962,walk_in,,
W001963,walk_in,,
W001964,walk_in,,
W001965,walk_in,,
W001966,walk_in,,
W001967,walk_in,,
W001968,walk_in,,
W001969,walk_in,,
W001970,walk_in,,
W001971,walk_in,,
W001972,walk_in,,
W001973,walk_in,,
W001974,walk_in,,
W001975,walk_in,,
W001976,walk_in,,
W001977,walk_in,,
W001978,walk_in,,
W001979,walk_in,,
W001980,walk_in,,
W001981,walk_in,,
W001982,walk_in,,
W001983,walk_in,,
W001984,walk_in,,
W001985,walk_in,,
W001986,walk_in,,
W001987,walk_in,,
W001988,walk_in,,
W001989,walk_in,,
W001990,walk_in,,
W001991,walk_in,,
W001992,walk_in,,
W001993,walk_in,,
W001994,walk_in,,
W001995,walk_in,,
W001996,walk_in,,
W001997,walk_in,,
W001998,walk_in,,
W001999,walk_in,,
W002000,walk_in,,
W002001,walk_in,,
W002002,walk_in,,
W002003,walk_in,,
W002004,walk_in,,
W002005,walk_in,,
W002006,walk_in,,
W002007,walk_in,,
W002008,walk_in,,
W002009,walk_in,,
W002010,walk_in,,
W002011,walk_in,,
W002012,walk_in,,
W002013,walk_in,,
W002014,walk_in,,
W002015,walk_in,,
W002016,walk_in,,
W002017,walk_in,,
W002018,walk_in,,
W002019,walk_in,,
W002020,walk_in,,
W002021,walk_in,,
W002022,walk_in,,
W002023,walk_in,,
W002024,walk_in,,
W002025,walk_in,,
W002026,walk_in,,
W002027,walk_in,,
W002028,walk_in,,
W002029,walk_in,,
W002030,walk_in,,
W002031,walk_in,,
W002032,walk_in,,
W002033,walk_in,,
W002034,walk_in,,
W002035,walk_in,,
W002036,walk_in,,
W002037,walk_in,,
W002038,walk_in,,
W002039,walk_in,,
W002040,walk_in,,
W002041,walk_in,,
W002042,walk_in,,
W002043,walk_in,,
W002044,walk_in,,
W002045,walk_in,,
W002046,walk_in,,
W002047,walk_in,,
W002048,walk_in,,
W002049,walk_in,,
W002050,walk_in,,
W002051,walk_in,,
W002052,walk_in,,
W002053,walk_in,,
W002054,walk_in,,
W002055,walk_in,,
W002056,walk_in,,
W002057,walk_in,,
W002058,walk_in,,
W002059,walk_in,,
W002060,walk_in,,
W002061,walk_in,,
W002062,walk_in,,
W002063,walk_in,,
W002064,walk_in,,
W002065,walk_in,,
W002066,walk_in,,
W002067,walk_in,,
W002068,walk_in,,
W002069,walk_in,,
W002070,walk_in,,
W002071,walk_in,,
W002072,walk_in,,
W002073,walk_in,,
W002074,walk_in,,
W002075,walk_in,,
W002076,walk_in,,
W002077,walk_in,,
W002078,walk_in,,
W002079,walk_in,,
W002080,walk_in,,
W002081,walk_in,,
W002082,walk_in,,
W002083,walk_in,,
W002084,walk_in,,
W002085,walk_in,,
W002086,walk_in,,
W002087,walk_in,,
W002088,walk_in,,
W002089,walk_in,,
W002090,walk_in,,
W002091,walk_in,,
W002092,walk_in,,
W002093,walk_in,,
W002094,walk_in,,
W002095,walk_in,,
W002096,walk_in,,
W002097,walk_in,,
W002098,walk_in,,
W002099,walk_in,,
W002100,walk_in,,
W002101,walk_in,,
W002102,walk_in,,
W002103,walk_in,,
W002104,walk_in,,
W002105,walk_in,,
W002106,walk_in,,
W002107,walk_in,,
W002108,walk_in,,
W002109,walk_in,,
W002110,walk_in,,
W002111,walk_in,,
W002112,walk_in,,
W002113,walk_in,,
W002114,walk_in,,
W002115,walk_in,,
W002116,walk_in,,
W002117,walk_in,,
W002118,walk_in,,
W002119,walk_in,,
W002120,walk_in,,
W002121,walk_in,,
W002122,walk_in,,
W002123,walk_in,,
W002124,walk_in,,
W002125,walk_in,,
W002126,walk_in,,
W002127,walk_in,,
W002128,walk_in,,
W002129,walk_in,,
W002130,walk_in,,
W002131,walk_in,,
W002132,walk_in,,
W002133,walk_in,,
W002134,walk_in,,
W002135,walk_in,,
W002136,walk_in,,
W002137,walk_in,,
W002138,walk_in,,
W002139,walk_in,,
W002140,walk_in,,
W002141,walk_in,,
W002142,walk_in,,
W002143,walk_in,,
W002144,walk_in,,
W002145,walk_in,,
W002146,walk_in,,
W002147,walk_in,,
W002148,walk_in,,
W002149,walk_in,,
W002150,walk_in,,
W002151,walk_in,,
W002152,walk_in,,
W002153,walk_in,,
W002154,walk_in,,
W002155,walk_in,,
W002156,walk_in,,
W002157,walk_in,,
W002158,walk_in,,
W002159,walk_in,,
W002160,walk_in,,
W002161,walk_in,,
W002162,walk_in,,
W002163,walk_in,,
W002164,walk_in,,
W002165,walk_in,,
W002166,walk_in,,
W002167,walk_in,,
W002168,walk_in,,
W002169,walk_in,,
W002170,walk_in,,
W002171,walk_in,,
W002172,walk_in,,
W002173,walk_in,,
W002174,walk_in,,
W002175,walk_in,,
W002176,walk_in,,
W002177,walk_in,,
W002178,walk_in,,
W002179,walk_in,,
W002180,walk_in,,
W002181,walk_in,,
W002182,walk_in,,
W002183,walk_in,,
W002184,walk_in,,
W002185,walk_in,,
W002186,walk_in,,
W002187,walk_in,,
W002188,walk_in,,
W002189,walk_in,,
W002190,walk_in,,
W002191,walk_in,,
W002192,walk_in,,
W002193,walk_in,,
W002194,walk_in,,
W002195,walk_in,,
W002196,walk_in,,
W002197,walk_in,,
W002198,walk_in,,
W002199,walk_in,,
W002200,walk_in,,
W002201,walk_in,,
W002202,walk_in,,
W002203,walk_in,,
W002204,walk_in,,
W002205,walk_in,,
W002206,walk_in,,
W002207,walk_in,,
W002208,walk_in,,
W002209,walk_in,,
W002210,walk_in,,
W002211,walk_in,,
W002212,walk_in,,
W002213,walk_in,,
W002214,walk_in,,
W002215,walk_in,,
W002216,walk_in,,
W002217,walk_in,,
W002218,walk_in,,
W002219,walk_in,,
W002220,walk_in,,
W002221,walk_in,,
W002222,walk_in,,
W002223,walk_in,,
W002224,walk_in,,
W002225,walk_in,,
W002226,walk_in,,
W002227,walk_in,,
W002228,walk_in,,
W002229,walk_in,,
W002230,walk_in,,
W002231,walk_in,,
W002232,walk_in,,
W002233,walk_in,,
W002234,walk_in,,
W002235,walk_in,,
W002236,walk_in,,
W002237,walk_in,,
W002238,walk_in,,
W002239,walk_in,,
W002240,walk_in,,
W002241,walk_in,,
W002242,walk_in,,
W002243,walk_in,,
W002244,walk_in,,
W002245,walk_in,,
W002246,walk_in,,
W002247,walk_in,,
W002248,walk_in,,
W002249,walk_in,,
W002250,walk_in,,
W002251,walk_in,,
W002252,walk_in,,
W002253,walk_in,,
W002254,walk_in,,
W002255,walk_in,,
W002256,walk_in,,
W002257,walk_in,,
W002258,walk_in,,
W002259,walk_in,,
W002260,walk_in,,
W002261,walk_in,,
W002262,walk_in,,
W002263,walk_in,,
W002264,walk_in,,
W002265,walk_in,,
W002266,walk_in,,
W002267,walk_in,,
W002268,walk_in,,
W002269,walk_in,,
W002270,walk_in,,
W002271,walk_in,,
W002272,walk_in,,
W002273,walk_in,,
W002274,walk_in,,
W002275,walk_in,,
W002276,walk_in,,
W002277,walk_in,,
W002278,walk_in,,
W002279,walk_in,,
W002280,walk_in,,
W002281,walk_in,,
W002282,walk_in,,
W002283,walk_in,,
W002284,walk_in,,
W002285,walk_in,,
W002286,walk_in,,
W002287,walk_in,,
W002288,walk_in,,
W002289,walk_in,,
W002290,walk_in,,
W002291,walk_in,,
W002292,walk_in,,
W002293,walk_in,,
W002294,walk_in,,
W002295,walk_in,,
W002296,walk_in,,
W002297,walk_in,,
W002298,walk_in,,
W002299,walk_in,,
W002300,walk_in,,
W002301,walk_in,,
W002302,walk_in,,
W002303,walk_in,,
W002304,walk_in,,
W002305,walk_in,,
W002306,walk_in,,
W002307,walk_in,,
W002308,walk_in,,
W002309,walk_in,,
W002310,walk_in,,
W002311,walk_in,,
W002312,walk_in,,
W002313,walk_in,,
W002314,walk_in,,
W002315,walk_in,,
W002316,walk_in,,
W002317,walk_in,,
W002318,walk_in,,
W002319,walk_in,,
W002320,walk_in,,
W002321,walk_in,,
W002322,walk_in,,
W002323,walk_in,,
W002324,walk_in,,
W002325,walk_in,,
W002326,walk_in,,
W002327,walk_in,,
W002328,walk_in,,
W002329,walk_in,,
W002330,walk_in,,
W002331,walk_in,,
W002332,walk_in,,
W002333,walk_in,,
W002334,walk_in,,
W002335,walk_in,,
W002336,walk_in,,
W002337,walk_in,,
W002338,walk_in,,
W002339,walk_in,,
W002340,walk_in,,
W002341,walk_in,,
W002342,walk_in,,
W002343,walk_in,,
W002344,walk_in,,
W002345,walk_in,,
W002346,walk_in,,
W002347,walk_in,,
W002348,walk_in,,
W002349,walk_in,,
W002350,walk_in,,
W002351,walk_in,,
W002352,walk_in,,
W002353,walk_in,,
W002354,walk_in,,
W002355,walk_in,,
W002356,walk_in,,
W002357,walk_in,,
W002358,walk_in,,
W002359,walk_in,,
W002360,walk_in,,
W002361,walk_in,,
W002362,walk_in,,
W002363,walk_in,,
W002364,walk_in,,
W002365,walk_in,,
W002366,walk_in,,
W002367,walk_in,,
W002368,walk_in,,
W002369,walk_in,,
W002370,walk_in,,
W002371,walk_in,,
W002372,walk_in,,
W002373,walk_in,,
W002374,walk_in,,
W002375,walk_in,,
W002376,walk_in,,
W002377,walk_in,,
W002378,walk_in,,
W002379,walk_in,,
W002380,walk_in,,
W002381,walk_in,,
W002382,walk_in,,
W002383,walk_in,,
W002384,walk_in,,
W002385,walk_in,,
W002386,walk_in,,
W002387,walk_in,,
W002388,walk_in,,
W002389,walk_in,,
W002390,walk_in,,
W002391,walk_in,,
W002392,walk_in,,
W002393,walk_in,,
W002394,walk_in,,
W002395,walk_in,,
W002396,walk_in,,
W002397,walk_in,,
W002398,walk_in,,
W002399,walk_in,,
W002400,walk_in,,
W002401,walk_in,,
W002402,walk_in,,
W002403,walk_in,,
W002404,walk_in,,
W002405,walk_in,,
W002406,walk_in,,
W002407,walk_in,,
W002408,walk_in,,
W002409,walk_in,,
W002410,walk_in,,
W002411,walk_in,,
W002412,walk_in,,
W002413,walk_in,,
W002414,walk_in,,
W002415,walk_in,,
W002416,walk_in,,
W002417,walk_in,,
W002418,walk_in,,
W002419,walk_in,,
W002420,walk_in,,
W002421,walk_in,,
W002422,walk_in,,
W002423,walk_in,,
W002424,walk_in,,
W002425,walk_in,,
W002426,walk_in,,
W002427,walk_in,,
W002428,walk_in,,
W002429,walk_in,,
W002430,walk_in,,
W002431,walk_in,,
W002432,walk_in,,
W002433,walk_in,,
W002434,walk_in,,
W002435,walk_in,,
W002436,walk_in,,
W002437,walk_in,,
W002438,walk_in,,
W002439,walk_in,,
W002440,walk_in,,
W002441,walk_in,,
W002442,walk_in,,
W002443,walk_in,,
W002444,walk_in,,
W002445,walk_in,,
W002446,walk_in,,
W002447,walk_in,,
W002448,walk_in,,
W002449,walk_in,,
W002450,walk_in,,
W002451,walk_in,,
W002452,walk_in,,
W002453,walk_in,,
W002454,walk_in,,
W002455,walk_in,,
W002456,walk_in,,
W002457,walk_in,,
W002458,walk_in,,
W002459,walk_in,,
W002460,walk_in,,
W002461,walk_in,,
W002462,walk_in,,
W002463,walk_in,,
W002464,walk_in,,
W002465,walk_in,,
W002466,walk_in,,
W002467,walk_in,,
W002468,walk_in,,
W002469,walk_in,,
W002470,walk_in,,
W002471,walk_in,,
W002472,walk_in,,
W002473,walk_in,,
W002474,walk_in,,
W002475,walk_in,,
W002476,walk_in,,
W002477,walk_in,,
W002478,walk_in,,
W002479,walk_in,,
W002480,walk_in,,
W002481,walk_in,,
W002482,walk_in,,
W002483,walk_in,,
W002484,walk_in,,
W002485,walk_in,,
W002486,walk_in,,
W002487,walk_in,,
W002488,walk_in,,
W002489,walk_in,,
W002490,walk_in,,
W002491,walk_in,,
W002492,walk_in,,
W002493,walk_in,,
W002494,walk_in,,
W002495,walk_in,,
W002496,walk_in,,
W002497,walk_in,,
W002498,walk_in,,
W002499,walk_in,,
W002500,walk_in,,
W002501,walk_in,,
W002502,walk_in,,
W002503,walk_in,,
W002504,walk_in,,
W002505,walk_in,,
W002506,walk_in,,
W002507,walk_in,,
W002508,walk_in,,
W002509,walk_in,,
W002510,walk_in,,
W002511,walk_in,,
W002512,walk_in,,
W002513,walk_in,,
W002514,walk_in,,
W002515,walk_in,,
W002516,walk_in,,
W002517,walk_in,,
W002518,walk_in,,
W002519,walk_in,,
W002520,walk_in,,
W002521,walk_in,,
W002522,walk_in,,
W002523,walk_in,,
W002524,walk_in,,
W002525,walk_in,,
W002526,walk_in,,
W002527,walk_in,,
W002528,walk_in,,
W002529,walk_in,,
W002530,walk_in,,
W002531,walk_in,,
W002532,walk_in,,
W002533,walk_in,,
W002534,walk_in,,
W002535,walk_in,,
W002536,walk_in,,
W002537,walk_in,,
W002538,walk_in,,
W002539,walk_in,,
W002540,walk_in,,
W002541,walk_in,,
W002542,walk_in,,
W002543,walk_in,,
W002544,walk_in,,
W002545,walk_in,,
W002546,walk_in,,
W002547,walk_in,,
W002548,walk_in,,
W002549,walk_in,,
W002550,walk_in,,
W002551,walk_in,,
W002552,walk_in,,
W002553,walk_in,,
W002554,walk_in,,
W002555,walk_in,,
W002556,walk_in,,
W002557,walk_in,,
W002558,walk_in,,
W002559,walk_in,,
W002560,walk_in,,
W002561,walk_in,,
W002562,walk_in,,
W002563,walk_in,,
W002564,walk_in,,
W002565,walk_in,,
W002566,walk_in,,
W002567,walk_in,,
W002568,walk_in,,
W002569,walk_in,,
W002570,walk_in,,
W002571,walk_in,,
W002572,walk_in,,
W002573,walk_in,,
W002574,walk_in,,
W002575,walk_in,,
W002576,walk_in,,
W002577,walk_in,,
W002578,walk_in,,
W002579,walk_in,,
W002580,walk_in,,
W002581,walk_in,,
W002582,walk_in,,
W002583,walk_in,,
W002584,walk_in,,
W002585,walk_in,,
W002586,walk_in,,
W002587,walk_in,,
W002588,walk_in,,
W002589,walk_in,,
W002590,walk_in,,
W002591,walk_in,,
W002592,walk_in,,
W002593,walk_in,,
W002594,walk_in,,
W002595,walk_in,,
W002596,walk_in,,
W002597,walk_in,,
W002598,walk_in,,
W002599,walk_in,,
W002600,walk_in,,
W002601,walk_in,,
W002602,walk_in,,
W002603,walk_in,,
W002604,walk_in,,
W002605,walk_in,,
W002606,walk_in,,
W002607,walk_in,,
W002608,walk_in,,
W002609,walk_in,,
W002610,walk_in,,
W002611,walk_in,,
W002612,walk_in,,
W002613,walk_in,,
W002614,walk_in,,
W002615,walk_in,,
W002616,walk_in,,
W002617,walk_in,,
W002618,walk_in,,
W002619,walk_in,,
W002620,walk_in,,
W002621,walk_in,,
W002622,walk_in,,
W002623,walk_in,,
W002624,walk_in,,
W002625,walk_in,,
W002626,walk_in,,
W002627,walk_in,,
W002628,walk_in,,
W002629,walk_in,,
W002630,walk_in,,
W002631,walk_in,,
W002632,walk_in,,
W002633,walk_in,,
W002634,walk_in,,
W002635,walk_in,,
W002636,walk_in,,
W002637,walk_in,,
W002638,walk_in,,
W002639,walk_in,,
W002640,walk_in,,
W002641,walk_in,,
W002642,walk_in,,
W002643,walk_in,,
W002644,walk_in,,
W002645,walk_in,,
W002646,walk_in,,
W002647,walk_in,,
W002648,walk_in,,
W002649,walk_in,,
W002650,walk_in,,
W002651,walk_in,,
W002652,walk_in,,
W002653,walk_in,,
W002654,walk_in,,
W002655,walk_in,,
W002656,walk_in,,
W002657,walk_in,,
W002658,walk_in,,
W002659,walk_in,,
W002660,walk_in,,
W002661,walk_in,,
W002662,walk_in,,
W002663,walk_in,,
W002664,walk_in,,
W002665,walk_in,,
W002666,walk_in,,
W002667,walk_in,,
W002668,walk_in,,
W002669,walk_in,,
W002670,walk_in,,
W002671,walk_in,,
W002672,walk_in,,
W002673,walk_in,,
W002674,walk_in,,
W002675,walk_in,,
W002676,walk_in,,
W002677,walk_in,,
W002678,walk_in,,
W002679,walk_in,,
W002680,walk_in,,
W002681,walk_in,,
W002682,walk_in,,
W002683,walk_in,,
W002684,walk_in,,
W002685,walk_in,,
W002686,walk_in,,
W002687,walk_in,,
W002688,walk_in,,
W002689,walk_in,,
W002690,walk_in,,
W002691,walk_in,,
W002692,walk_in,,
W002693,walk_in,,
W002694,walk_in,,
W002695,walk_in,,
W002696,walk_in,,
W002697,walk_in,,
W002698,walk_in,,
W002699,walk_in,,
W002700,walk_in,,
W002701,walk_in,,
W002702,walk_in,,
W002703,walk_in,,
W002704,walk_in,,
W002705,walk_in,,
W002706,walk_in,,
W002707,walk_in,,
W002708,walk_in,,
W002709,walk_in,,
W002710,walk_in,,
W002711,walk_in,,
W002712,walk_in,,
W002713,walk_in,,
W002714,walk_in,,
W002715,walk_in,,
W002716,walk_in,,
W002717,walk_in,,
W002718,walk_in,,
W002719,walk_in,,
W002720,walk_in,,
W002721,walk_in,,
W002722,walk_in,,
W002723,walk_in,,
W002724,walk_in,,
W002725,walk_in,,
W002726,walk_in,,
W002727,walk_in,,
W002728,walk_in,,
W002729,walk_in,,
W002730,walk_in,,
W002731,walk_in,,
W002732,walk_in,,
W002733,walk_in,,
W002734,walk_in,,
W002735,walk_in,,
W002736,walk_in,,
W002737,walk_in,,
W002738,walk_in,,
W002739,walk_in,,
W002740,walk_in,,
W002741,walk_in,,
W002742,walk_in,,
W002743,walk_in,,
W002744,walk_in,,
W002745,walk_in,,
W002746,walk_in,,
W002747,walk_in,,
W002748,walk_in,,
W002749,walk_in,,
W002750,walk_in,,
W002751,walk_in,,
W002752,walk_in,,
W002753,walk_in,,
W002754,walk_in,,
W002755,walk_in,,
W002756,walk_in,,
W002757,walk_in,,
W002758,walk_in,,
W002759,walk_in,,
W002760,walk_in,,
W002761,walk_in,,
W002762,walk_in,,
W002763,walk_in,,
W002764,walk_in,,
W002765,walk_in,,
W002766,walk_in,,
W002767,walk_in,,
W002768,walk_in,,
W002769,walk_in,,
W002770,walk_in,,
W002771,walk_in,,
W002772,walk_in,,
W002773,walk_in,,
W002774,walk_in,,
W002775,walk_in,,
W002776,walk_in,,
W002777,walk_in,,
W002778,walk_in,,
W002779,walk_in,,
W002780,walk_in,,
W002781,walk_in,,
W002782,walk_in,,
W002783,walk_in,,
W002784,walk_in,,
W002785,walk_in,,
W002786,walk_in,,
W002787,walk_in,,
W002788,walk_in,,
W002789,walk_in,,
W002790,walk_in,,
W002791,walk_in,,
W002792,walk_in,,
W002793,walk_in,,
W002794,walk_in,,
W002795,walk_in,,
W002796,walk_in,,
W002797,walk_in,,
W002798,walk_in,,
W002799,walk_in,,
W002800,walk_in,,
W002801,walk_in,,
W002802,walk_in,,
W002803,walk_in,,
W002804,walk_in,,
W002805,walk_in,,
W002806,walk_in,,
W002807,walk_in,,
W002808,walk_in,,
W002809,walk_in,,
W002810,walk_in,,
W002811,walk_in,,
W002812,walk_in,,
W002813,walk_in,,
W002814,walk_in,,
W002815,walk_in,,
W002816,walk_in,,
W002817,walk_in,,
W002818,walk_in,,
W002819,walk_in,,
W002820,walk_in,,
W002821,walk_in,,
W002822,walk_in,,
W002823,walk_in,,
W002824,walk_in,,
W002825,walk_in,,
W002826,walk_in,,
W002827,walk_in,,
W002828,walk_in,,
W002829,walk_in,,
W002830,walk_in,,
W002831,walk_in,,
W002832,walk_in,,
W002833,walk_in,,
W002834,walk_in,,
W002835,walk_in,,
W002836,walk_in,,
W002837,walk_in,,
W002838,walk_in,,
W002839,walk_in,,
W002840,walk_in,,
W002841,walk_in,,
W002842,walk_in,,
W002843,walk_in,,
W002844,walk_in,,
W002845,walk_in,,
W002846,walk_in,,
W002847,walk_in,,
W002848,walk_in,,
W002849,walk_in,,
W002850,walk_in,,
W002851,walk_in,,
W002852,walk_in,,
W002853,walk_in,,
W002854,walk_in,,
W002855,walk_in,,
W002856,walk_in,,
W002857,walk_in,,
W002858,walk_in,,
W002859,walk_in,,
W002860,walk_in,,
W002861,walk_in,,
W002862,walk_in,,
W002863,walk_in,,
W002864,walk_in,,
W002865,walk_in,,
W002866,walk_in,,
W002867,walk_in,,
W002868,walk_in,,
W002869,walk_in,,
W002870,walk_in,,
W002871,walk_in,,
W002872,walk_in,,
W002873,walk_in,,
W002874,walk_in,,
W002875,walk_in,,
W002876,walk_in,,
W002877,walk_in,,
W002878,walk_in,,
W002879,walk_in,,
W002880,walk_in,,
W002881,walk_in,,
W002882,walk_in,,
W002883,walk_in,,
W002884,walk_in,,
W002885,walk_in,,
W002886,walk_in,,
W002887,walk_in,,
W002888,walk_in,,
W002889,walk_in,,
W002890,walk_in,,
W002891,walk_in,,
W002892,walk_in,,
W002893,walk_in,,
W002894,walk_in,,
W002895,walk_in,,
W002896,walk_in,,
W002897,walk_in,,
W002898,walk_in,,
W002899,walk_in,,
W002900,walk_in,,
W002901,walk_in,,
W002902,walk_in,,
W002903,walk_in,,
W002904,walk_in,,
W002905,walk_in,,
W002906,walk_in,,
W002907,walk_in,,
W002908,walk_in,,
W002909,walk_in,,
W002910,walk_in,,
W002911,walk_in,,
W002912,walk_in,,
W002913,walk_in,,
W002914,walk_in,,
W002915,walk_in,,
W002916,walk_in,,
W002917,walk_in,,
W002918,walk_in,,
W002919,walk_in,,
W002920,walk_in,,
W002921,walk_in,,
W002922,walk_in,,
W002923,walk_in,,
W002924,walk_in,,
W002925,walk_in,,
W002926,walk_in,,
W002927,walk_in,,
W002928,walk_in,,
W002929,walk_in,,
W002930,walk_in,,
W002931,walk_in,,
W002932,walk_in,,
W002933,walk_in,,
W002934,walk_in,,
W002935,walk_in,,
W002936,walk_in,,
W002937,walk_in,,
W002938,walk_in,,
W002939,walk_in,,
W002940,walk_in,,
W002941,walk_in,,
W002942,walk_in,,
W002943,walk_in,,
W002944,walk_in,,
W002945,walk_in,,
W002946,walk_in,,
W002947,walk_in,,
W002948,walk_in,,
W002949,walk_in,,
W002950,walk_in,,
W002951,walk_in,,
W002952,walk_in,,
W002953,walk_in,,
W002954,walk_in,,
W002955,walk_in,,
W002956,walk_in,,
W002957,walk_in,,
W002958,walk_in,,
W002959,walk_in,,
W002960,walk_in,,
W002961,walk_in,,
W002962,walk_in,,
W002963,walk_in,,
W002964,walk_in,,
W002965,walk_in,,
W002966,walk_in,,
W002967,walk_in,,
W002968,walk_in,,
W002969,walk_in,,
W002970,walk_in,,
W002971,walk_in,,
W002972,walk_in,,
W002973,walk_in,,
W002974,walk_in,,
W002975,walk_in,,
W002976,walk_in,,
W002977,walk_in,,
W002978,walk_in,,
W002979,walk_in,,
W002980,walk_in,,
W002981,walk_in,,
W002982,walk_in,,
W002983,walk_in,,
W002984,walk_in,,
W002985,walk_in,,
W002986,walk_in,,
W002987,walk_in,,
W002988,walk_in,,
W002989,walk_in,,
W002990,walk_in,,
W002991,walk_in,,
W002992,walk_in,,
W002993,walk_in,,
W002994,walk_in,,
W002995,walk_in,,
W002996,walk_in,,
W002997,walk_in,,
W002998,walk_in,,
W002999,walk_in,,
W003000,walk_in,,
W003001,walk_in,,
W003002,walk_in,,
W003003,walk_in,,
W003004,walk_in,,
W003005,walk_in,,
W003006,walk_in,,
W003007,walk_in,,
W003008,walk_in,,
W003009,walk_in,,
W003010,walk_in,,
W003011,walk_in,,
W003012,walk_in,,
W003013,walk_in,,
W003014,walk_in,,
W003015,walk_in,,
W003016,walk_in,,
W003017,walk_in,,
W003018,walk_in,,
W003019,walk_in,,
W003020,walk_in,,
W003021,walk_in,,
W003022,walk_in,,
W003023,walk_in,,
W003024,walk_in,,
W003025,walk_in,,
W003026,walk_in,,
W003027,walk_in,,
W003028,walk_in,,
W003029,walk_in,,
W003030,walk_in,,
W003031,walk_in,,
W003032,walk_in,,
W003033,walk_in,,
W003034,walk_in,,
W003035,walk_in,,
W003036,walk_in,,
W003037,walk_in,,
W003038,walk_in,,
W003039,walk_in,,
W003040,walk_in,,
W003041,walk_in,,
W003042,walk_in,,
W003043,walk_in,,
W003044,walk_in,,
W003045,walk_in,,
W003046,walk_in,,
W003047,walk_in,,
W003048,walk_in,,
W003049,walk_in,,
W003050,walk_in,,
W003051,walk_in,,
W003052,walk_in,,
W003053,walk_in,,
W003054,walk_in,,
W003055,walk_in,,
W003056,walk_in,,
W003057,walk_in,,
W003058,walk_in,,
W003059,walk_in,,
W003060,walk_in,,
W003061,walk_in,,
W003062,walk_in,,
W003063,walk_in,,
W003064,walk_in,,
W003065,walk_in,,
W003066,walk_in,,
W003067,walk_in,,
W003068,walk_in,,
W003069,walk_in,,
W003070,walk_in,,
W003071,walk_in,,
W003072,walk_in,,
W003073,walk_in,,
W003074,walk_in,,
W003075,walk_in,,
W003076,walk_in,,
W003077,walk_in,,
W003078,walk_in,,
W003079,walk_in,,
W003080,walk_in,,
W003081,walk_in,,
W003082,walk_in,,
W003083,walk_in,,
W003084,walk_in,,
W003085,walk_in,,
W003086,walk_in,,
W003087,walk_in,,
W003088,walk_in,,
W003089,walk_in,,
W003090,walk_in,,
W003091,walk_in,,
W003092,walk_in,,
W003093,walk_in,,
W003094,walk_in,,
W003095,walk_in,,
W003096,walk_in,,
W003097,walk_in,,
W003098,walk_in,,
W003099,walk_in,,
W003100,walk_in,,
W003101,walk_in,,
W003102,walk_in,,
W003103,walk_in,,
W003104,walk_in,,
W003105,walk_in,,
W003106,walk_in,,
W003107,walk_in,,
W003108,walk_in,,
W003109,walk_in,,
W003110,walk_in,,
W003111,walk_in,,
W003112,walk_in,,
W003113,walk_in,,
W003114,walk_in,,
W003115,walk_in,,
W003116,walk_in,,
W003117,walk_in,,
W003118,walk_in,,
W003119,walk_in,,
W003120,walk_in,,
W003121,walk_in,,
W003122,walk_in,,
W003123,walk_in,,
W003124,walk_in,,
W003125,walk_in,,
W003126,walk_in,,
W003127,walk_in,,
W003128,walk_in,,
W003129,walk_in,,
W003130,walk_in,,
W003131,walk_in,,
W003132,walk_in,,
W003133,walk_in,,
W003134,walk_in,,
W003135,walk_in,,
W003136,walk_in,,
W003137,walk_in,,
W003138,walk_in,,
W003139,walk_in,,
W003140,walk_in,,
W003141,walk_in,,
W003142,walk_in,,
W003143,walk_in,,
W003144,walk_in,,
W003145,walk_in,,
W003146,walk_in,,
W003147,walk_in,,
W003148,walk_in,,
W003149,walk_in,,
W003150,walk_in,,
W003151,walk_in,,
W003152,walk_in,,
W003153,walk_in,,
W003154,walk_in,,
W003155,walk_in,,
W003156,walk_in,,
W003157,walk_in,,
W003158,walk_in,,
W003159,walk_in,,
W003160,walk_in,,
W003161,walk_in,,
W003162,walk_in,,
W003163,walk_in,,
W003164,walk_in,,
W003165,walk_in,,
W003166,walk_in,,
W003167,walk_in,,
W003168,walk_in,,
W003169,walk_in,,
W003170,walk_in,,
W003171,walk_in,,
W003172,walk_in,,
W003173,walk_in,,
W003174,walk_in,,
W003175,walk_in,,
W003176,walk_in,,
W003177,walk_in,,
W003178,walk_in,,
W003179,walk_in,,
W003180,walk_in,,
W003181,walk_in,,
W003182,walk_in,,
W003183,walk_in,,
W003184,walk_in,,
W003185,walk_in,,
W003186,walk_in,,
W003187,walk_in,,
W003188,walk_in,,
W003189,walk_in,,
W003190,walk_in,,
W003191,walk_in,,
W003192,walk_in,,
W003193,walk_in,,
W003194,walk_in,,
W003195,walk_in,,
W003196,walk_in,,
W003197,walk_in,,
W003198,walk_in,,
W003199,walk_in,,
W003200,walk_in,,
W003201,walk_in,,
W003202,walk_in,,
W003203,walk_in,,
W003204,walk_in,,
W003205,walk_in,,
W003206,walk_in,,
W003207,walk_in,,
W003208,walk_in,,
W003209,walk_in,,
W003210,walk_in,,
W003211,walk_in,,
W003212,walk_in,,
W003213,walk_in,,
W003214,walk_in,,
W003215,walk_in,,
W003216,walk_in,,
W003217,walk_in,,
W003218,walk_in,,
W003219,walk_in,,
W003220,walk_in,,
W003221,walk_in,,
W003222,walk_in,,
W003223,walk_in,,
W003224,walk_in,,
W003225,walk_in,,
W003226,walk_in,,
W003227,walk_in,,
W003228,walk_in,,
W003229,walk_in,,
W003230,walk_in,,
W003231,walk_in,,
W003232,walk_in,,
W003233,walk_in,,
W003234,walk_in,,
W003235,walk_in,,
W003236,walk_in,,
W003237,walk_in,,
W003238,walk_in,,
W003239,walk_in,,
W003240,walk_in,,
W003241,walk_in,,
W003242,walk_in,,
W003243,walk_in,,
W003244,walk_in,,
W003245,walk_in,,
W003246,walk_in,,
W003247,walk_in,,
W003248,walk_in,,
W003249,walk_in,,
W003250,walk_in,,
W003251,walk_in,,
W003252,walk_in,,
W003253,walk_in,,
W003254,walk_in,,
W003255,walk_in,,
W003256,walk_in,,
W003257,walk_in,,
W003258,walk_in,,
W003259,walk_in,,
W003260,walk_in,,
W003261,walk_in,,
W003262,walk_in,,
W003263,walk_in,,
W003264,walk_in,,
W003265,walk_in,,
W003266,walk_in,,
W003267,walk_in,,
W003268,walk_in,,
W003269,walk_in,,
W003270,walk_in,,
W003271,walk_in,,
W003272,walk_in,,
W003273,walk_in,,
W003274,walk_in,,
W003275,walk_in,,
W003276,walk_in,,
W003277,walk_in,,
W003278,walk_in,,
W003279,walk_in,,
W003280,walk_in,,
W003281,walk_in,,
W003282,walk_in,,
W003283,walk_in,,
W003284,walk_in,,
W003285,walk_in,,
W003286,walk_in,,
W003287,walk_in,,
W003288,walk_in,,
W003289,walk_in,,
W003290,walk_in,,
W003291,walk_in,,
W003292,walk_in,,
W003293,walk_in,,
W003294,walk_in,,
W003295,walk_in,,
W003296,walk_in,,
W003297,walk_in,,
W003298,walk_in,,
W003299,walk_in,,
W003300,walk_in,,
W003301,walk_in,,
W003302,walk_in,,
W003303,walk_in,,
W003304,walk_in,,
W003305,walk_in,,
W003306,walk_in,,
W003307,walk_in,,
W003308,walk_in,,
W003309,walk_in,,
W003310,walk_in,,
W003311,walk_in,,
W003312,walk_in,,
W003313,walk_in,,
W003314,walk_in,,
W003315,walk_in,,
W003316,walk_in,,
W003317,walk_in,,
W003318,walk_in,,
W003319,walk_in,,
W003320,walk_in,,
W003321,walk_in,,
W003322,walk_in,,
W003323,walk_in,,
W003324,walk_in,,
W003325,walk_in,,
W003326,walk_in,,
W003327,walk_in,,
W003328,walk_in,,
W003329,walk_in,,
W003330,walk_in,,
W003331,walk_in,,
W003332,walk_in,,
W003333,walk_in,,
W003334,walk_in,,
W003335,walk_in,,
W003336,walk_in,,
W003337,walk_in,,
W003338,walk_in,,
W003339,walk_in,,
W003340,walk_in,,
W003341,walk_in,,
W003342,walk_in,,
W003343,walk_in,,
W003344,walk_in,,
W003345,walk_in,,
W003346,walk_in,,
W003347,walk_in,,
W003348,walk_in,,
W003349,walk_in,,
W003350,walk_in,,
W003351,walk_in,,
W003352,walk_in,,
W003353,walk_in,,
W003354,walk_in,,
W003355,walk_in,,
W003356,walk_in,,
W003357,walk_in,,
W003358,walk_in,,
W003359,walk_in,,
W003360,walk_in,,
W003361,walk_in,,
W003362,walk_in,,
W003363,walk_in,,
W003364,walk_in,,
W003365,walk_in,,
W003366,walk_in,,
W003367,walk_in,,
W003368,walk_in,,
W003369,walk_in,,
W003370,walk_in,,
W003371,walk_in,,
W003372,walk_in,,
W003373,walk_in,,
W003374,walk_in,,
W003375,walk_in,,
W003376,walk_in,,
W003377,walk_in,,
W003378,walk_in,,
W003379,walk_in,,
W003380,walk_in,,
W003381,walk_in,,
W003382,walk_in,,
W003383,walk_in,,
W003384,walk_in,,
W003385,walk_in,,
W003386,walk_in,,
W003387,walk_in,,
W003388,walk_in,,
W003389,walk_in,,
W003390,walk_in,,
W003391,walk_in,,
W003392,walk_in,,
W003393,walk_in,,
W003394,walk_in,,
W003395,walk_in,,
W003396,walk_in,,
W003397,walk_in,,
W003398,walk_in,,
W003399,walk_in,,
W003400,walk_in,,
W003401,walk_in,,
W003402,walk_in,,
W003403,walk_in,,
W003404,walk_in,,
W003405,walk_in,,
W003406,walk_in,,
W003407,walk_in,,
W003408,walk_in,,
W003409,walk_in,,
W003410,walk_in,,
W003411,walk_in,,
W003412,walk_in,,
W003413,walk_in,,
W003414,walk_in,,
W003415,walk_in,,
W003416,walk_in,,
W003417,walk_in,,
W003418,walk_in,,
W003419,walk_in,,
W003420,walk_in,,
W003421,walk_in,,
W003422,walk_in,,
W003423,walk_in,,
W003424,walk_in,,
W003425,walk_in,,
W003426,walk_in,,
W003427,walk_in,,
W003428,walk_in,,
W003429,walk_in,,
W003430,walk_in,,
W003431,walk_in,,
W003432,walk_in,,
W003433,walk_in,,
W003434,walk_in,,
W003435,walk_in,,
W003436,walk_in,,
W003437,walk_in,,
W003438,walk_in,,
W003439,walk_in,,
W003440,walk_in,,
W003441,walk_in,,
W003442,walk_in,,
W003443,walk_in,,
W003444,walk_in,,
W003445,walk_in,,
W003446,walk_in,,
W003447,walk_in,,
W003448,walk_in,,
W003449,walk_in,,
W003450,walk_in,,
W003451,walk_in,,
W003452,walk_in,,
W003453,walk_in,,
W003454,walk_in,,
W003455,walk_in,,
W003456,walk_in,,
W003457,walk_in,,
W003458,walk_in,,
W003459,walk_in,,
W003460,walk_in,,
W003461,walk_in,,
W003462,walk_in,,
W003463,walk_in,,
W003464,walk_in,,
W003465,walk_in,,
W003466,walk_in,,
W003467,walk_in,,
W003468,walk_in,,
W003469,walk_in,,
W003470,walk_in,,
W003471,walk_in,,
W003472,walk_in,,
W003473,walk_in,,
W003474,walk_in,,
W003475,walk_in,,
W003476,walk_in,,
W003477,walk_in,,
W003478,walk_in,,
W003479,walk_in,,
W003480,walk_in,,
W003481,walk_in,,
W003482,walk_in,,
W003483,walk_in,,
W003484,walk_in,,
W003485,walk_in,,
W003486,walk_in,,
W003487,walk_in,,
W003488,walk_in,,
W003489,walk_in,,
W003490,walk_in,,
W003491,walk_in,,
W003492,walk_in,,
W003493,walk_in,,
W003494,walk_in,,
W003495,walk_in,,
W003496,walk_in,,
W003497,walk_in,,
W003498,walk_in,,
W003499,walk_in,,
W003500,walk_in,,
W003501,walk_in,,
W003502,walk_in,,
W003503,walk_in,,
W003504,walk_in,,
W003505,walk_in,,
W003506,walk_in,,
W003507,walk_in,,
W003508,walk_in,,
W003509,walk_in,,
W003510,walk_in,,
W003511,walk_in,,
W003512,walk_in,,
W003513,walk_in,,
W003514,walk_in,,
W003515,walk_in,,
W003516,walk_in,,
W003517,walk_in,,
W003518,walk_in,,
W003519,walk_in,,
W003520,walk_in,,
W003521,walk_in,,
W003522,walk_in,,
W003523,walk_in,,
W003524,walk_in,,
W003525,walk_in,,
W003526,walk_in,,
W003527,walk_in,,
W003528,walk_in,,
W003529,walk_in,,
W003530,walk_in,,
W003531,walk_in,,
W003532,walk_in,,
W003533,walk_in,,
W003534,walk_in,,
W003535,walk_in,,
W003536,walk_in,,
W003537,walk_in,,
W003538,walk_in,,
W003539,walk_in,,
W003540,walk_in,,
W003541,walk_in,,
W003542,walk_in,,
W003543,walk_in,,
W003544,walk_in,,
W003545,walk_in,,
W003546,walk_in,,
W003547,walk_in,,
W003548,walk_in,,
W003549,walk_in,,
W003550,walk_in,,
W003551,walk_in,,
W003552,walk_in,,
W003553,walk_in,,
W003554,walk_in,,
W003555,walk_in,,
W003556,walk_in,,
W003557,walk_in,,
W003558,walk_in,,
W003559,walk_in,,
W003560,walk_in,,
W003561,walk_in,,
W003562,walk_in,,
W003563,walk_in,,
W003564,walk_in,,
W003565,walk_in,,
W003566,walk_in,,
W003567,walk_in,,
W003568,walk_in,,
W003569,walk_in,,
W003570,walk_in,,
W003571,walk_in,,
W003572,walk_in,,
W003573,walk_in,,
W003574,walk_in,,
W003575,walk_in,,
W003576,walk_in,,
W003577,walk_in,,
W003578,walk_in,,
W003579,walk_in,,
W003580,walk_in,,
W003581,walk_in,,
W003582,walk_in,,
W003583,walk_in,,
W003584,walk_in,,
W003585,walk_in,,
W003586,walk_in,,
W003587,walk_in,,
W003588,walk_in,,
W003589,walk_in,,
W003590,walk_in,,
W003591,walk_in,,
W003592,walk_in,,
W003593,walk_in,,
W003594,walk_in,,
W003595,walk_in,,
W003596,walk_in,,
W003597,walk_in,,
W003598,walk_in,,
W003599,walk_in,,
W003600,walk_in,,
W003601,walk_in,,
W003602,walk_in,,
W003603,walk_in,,
W003604,walk_in,,
W003605,walk_in,,
W003606,walk_in,,
W003607,walk_in,,
W003608,walk_in,,
W003609,walk_in,,
W003610,walk_in,,
W003611,walk_in,,
W003612,walk_in,,
W003613,walk_in,,
W003614,walk_in,,
W003615,walk_in,,
W003616,walk_in,,
W003617,walk_in,,
W003618,walk_in,,
W003619,walk_in,,
W003620,walk_in,,
W003621,walk_in,,
W003622,walk_in,,
W003623,walk_in,,
W003624,walk_in,,
W003625,walk_in,,
W003626,walk_in,,
W003627,walk_in,,
W003628,walk_in,,
W003629,walk_in,,
W003630,walk_in,,
W003631,walk_in,,
W003632,walk_in,,
W003633,walk_in,,
W003634,walk_in,,
W003635,walk_in,,
W003636,walk_in,,
W003637,walk_in,,
W003638,walk_in,,
W003639,walk_in,,
W003640,walk_in,,
W003641,walk_in,,
W003642,walk_in,,
W003643,walk_in,,
W003644,walk_in,,
W003645,walk_in,,
W003646,walk_in,,
W003647,walk_in,,
W003648,walk_in,,
W003649,walk_in,,
W003650,walk_in,,
W003651,walk_in,,
W003652,walk_in,,
W003653,walk_in,,
W003654,walk_in,,
W003655,walk_in,,
W003656,walk_in,,
W003657,walk_in,,
W003658,walk_in,,
W003659,walk_in,,
W003660,walk_in,,
W003661,walk_in,,
W003662,walk_in,,
W003663,walk_in,,
W003664,walk_in,,
W003665,walk_in,,
W003666,walk_in,,
W003667,walk_in,,
W003668,walk_in,,
W003669,walk_in,,
W003670,walk_in,,
W003671,walk_in,,
W003672,walk_in,,
W003673,walk_in,,
W003674,walk_in,,
W003675,walk_in,,
W003676,walk_in,,
W003677,walk_in,,
W003678,walk_in,,
W003679,walk_in,,
W003680,walk_in,,
W003681,walk_in,,
W003682,walk_in,,
W003683,walk_in,,
W003684,walk_in,,
W003685,walk_in,,
W003686,walk_in,,
W003687,walk_in,,
W003688,walk_in,,
W003689,walk_in,,
W003690,walk_in,,
W003691,walk_in,,
W003692,walk_in,,
W003693,walk_in,,
W003694,walk_in,,
W003695,walk_in,,
W003696,walk_in,,
W003697,walk_in,,
W003698,walk_in,,
W003699,walk_in,,
W003700,walk_in,,
W003701,walk_in,,
W003702,walk_in,,
W003703,walk_in,,
W003704,walk_in,,
W003705,walk_in,,
W003706,walk_in,,
W003707,walk_in,,
W003708,walk_in,,
W003709,walk_in,,
W003710,walk_in,,
W003711,walk_in,,
W003712,walk_in,,
W003713,walk_in,,
W003714,walk_in,,
W003715,walk_in,,
W003716,walk_in,,
W003717,walk_in,,
W003718,walk_in,,
W003719,walk_in,,
W003720,walk_in,,
W003721,walk_in,,
W003722,walk_in,,
W003723,walk_in,,
W003724,walk_in,,
W003725,walk_in,,
W003726,walk_in,,
W003727,walk_in,,
W003728,walk_in,,
W003729,walk_in,,
W003730,walk_in,,
W003731,walk_in,,
W003732,walk_in,,
W003733,walk_in,,
W003734,walk_in,,
W003735,walk_in,,
W003736,walk_in,,
W003737,walk_in,,
W003738,walk_in,,
W003739,walk_in,,
W003740,walk_in,,
W003741,walk_in,,
W003742,walk_in,,
W003743,walk_in,,
W003744,walk_in,,
W003745,walk_in,,
W003746,walk_in,,
W003747,walk_in,,
W003748,walk_in,,
W003749,walk_in,,
W003750,walk_in,,
W003751,walk_in,,
W003752,walk_in,,
W003753,walk_in,,
W003754,walk_in,,
W003755,walk_in,,
W003756,walk_in,,
W003757,walk_in,,
W003758,walk_in,,
W003759,walk_in,,
W003760,walk_in,,
W003761,walk_in,,
W003762,walk_in,,
W003763,walk_in,,
W003764,walk_in,,
W003765,walk_in,,
W003766,walk_in,,
W003767,walk_in,,
W003768,walk_in,,
W003769,walk_in,,
W003770,walk_in,,
W003771,walk_in,,
W003772,walk_in,,
W003773,walk_in,,
W003774,walk_in,,
W003775,walk_in,,
W003776,walk_in,,
W003777,walk_in,,
W003778,walk_in,,
W003779,walk_in,,
W003780,walk_in,,
W003781,walk_in,,
W003782,walk_in,,
W003783,walk_in,,
W003784,walk_in,,
W003785,walk_in,,
W003786,walk_in,,
W003787,walk_in,,
W003788,walk_in,,
W003789,walk_in,,
W003790,walk_in,,
W003791,walk_in,,
W003792,walk_in,,
W003793,walk_in,,
W003794,walk_in,,
W003795,walk_in,,
W003796,walk_in,,
W003797,walk_in,,
W003798,walk_in,,
W003799,walk_in,,
W003800,walk_in,,
W003801,walk_in,,
W003802,walk_in,,
W003803,walk_in,,
W003804,walk_in,,
W003805,walk_in,,
W003806,walk_in,,
W003807,walk_in,,
W003808,walk_in,,
W003809,walk_in,,
W003810,walk_in,,
W003811,walk_in,,
W003812,walk_in,,
W003813,walk_in,,
W003814,walk_in,,
W003815,walk_in,,
W003816,walk_in,,
W003817,walk_in,,
W003818,walk_in,,
W003819,walk_in,,
W003820,walk_in,,
W003821,walk_in,,
W003822,walk_in,,
W003823,walk_in,,
W003824,walk_in,,
W003825,walk_in,,
W003826,walk_in,,
W003827,walk_in,,
W003828,walk_in,,
W003829,walk_in,,
W003830,walk_in,,
W003831,walk_in,,
W003832,walk_in,,
W003833,walk_in,,
W003834,walk_in,,
W003835,walk_in,,
W003836,walk_in,,
W003837,walk_in,,
W003838,walk_in,,
W003839,walk_in,,
W003840,walk_in,,
W003841,walk_in,,
W003842,walk_in,,
W003843,walk_in,,
W003844,walk_in,,
W003845,walk_in,,
W003846,walk_in,,
W003847,walk_in,,
W003848,walk_in,,
W003849,walk_in,,
W003850,walk_in,,
W003851,walk_in,,
W003852,walk_in,,
W003853,walk_in,,
W003854,walk_in,,
W003855,walk_in,,
W003856,walk_in,,
W003857,walk_in,,
W003858,walk_in,,
W003859,walk_in,,
W003860,walk_in,,
W003861,walk_in,,
W003862,walk_in,,
W003863,walk_in,,
W003864,walk_in,,
W003865,walk_in,,
W003866,walk_in,,
W003867,walk_in,,
W003868,walk_in,,
W003869,walk_in,,
W003870,walk_in,,
W003871,walk_in,,
W003872,walk_in,,
W003873,walk_in,,
W003874,walk_in,,
W003875,walk_in,,
W003876,walk_in,,
W003877,walk_in,,
W003878,walk_in,,
W003879,walk_in,,
W003880,walk_in,,
W003881,walk_in,,
W003882,walk_in,,
W003883,walk_in,,
W003884,walk_in,,
W003885,walk_in,,
W003886,walk_in,,
W003887,walk_in,,
W003888,walk_in,,
W003889,walk_in,,
W003890,walk_in,,
W003891,walk_in,,
W003892,walk_in,,
W003893,walk_in,,
W003894,walk_in,,
W003895,walk_in,,
W003896,walk_in,,
W003897,walk_in,,
W003898,walk_in,,
W003899,walk_in,,
W003900,walk_in,,
W003901,walk_in,,
W003902,walk_in,,
W003903,walk_in,,
W003904,walk_in,,
W003905,walk_in,,
W003906,walk_in,,
W003907,walk_in,,
W003908,walk_in,,
W003909,walk_in,,
W003910,walk_in,,
W003911,walk_in,,
W003912,walk_in,,
W003913,walk_in,,
W003914,walk_in,,
W003915,walk_in,,
W003916,walk_in,,
W003917,walk_in,,
W003918,walk_in,,
W003919,walk_in,,
W003920,walk_in,,
W003921,walk_in,,
W003922,walk_in,,
W003923,walk_in,,
W003924,walk_in,,
W003925,walk_in,,
W003926,walk_in,,
W003927,walk_in,,
W003928,walk_in,,
W003929,walk_in,,
W003930,walk_in,,
W003931,walk_in,,
W003932,walk_in,,
W003933,walk_in,,
W003934,walk_in,,
W003935,walk_in,,
W003936,walk_in,,
W003937,walk_in,,
W003938,walk_in,,
W003939,walk_in,,
W003940,walk_in,,
W003941,walk_in,,
W003942,walk_in,,
W003943,walk_in,,
W003944,walk_in,,
W003945,walk_in,,
W003946,walk_in,,
W003947,walk_in,,
W003948,walk_in,,
W003949,walk_in,,
W003950,walk_in,,
W003951,walk_in,,
W003952,walk_in,,
W003953,walk_in,,
W003954,walk_in,,
W003955,walk_in,,
W003956,walk_in,,
W003957,walk_in,,
W003958,walk_in,,
W003959,walk_in,,
W003960,walk_in,,
W003961,walk_in,,
W003962,walk_in,,
W003963,walk_in,,
W003964,walk_in,,
W003965,walk_in,,
W003966,walk_in,,
W003967,walk_in,,
W003968,walk_in,,
W003969,walk_in,,
W003970,walk_in,,
W003971,walk_in,,
W003972,walk_in,,
W003973,walk_in,,
W003974,walk_in,,
W003975,walk_in,,
W003976,walk_in,,
W003977,walk_in,,
W003978,walk_in,,
W003979,walk_in,,
W003980,walk_in,,
W003981,walk_in,,
W003982,walk_in,,
W003983,walk_in,,
W003984,walk_in,,
W003985,walk_in,,
W003986,walk_in,,
W003987,walk_in,,
W003988,walk_in,,
W003989,walk_in,,
W003990,walk_in,,
W003991,walk_in,,
W003992,walk_in,,
W003993,walk_in,,
W003994,walk_in,,
W003995,walk_in,,
W003996,walk_in,,
W003997,walk_in,,
W003998,walk_in,,
W003999,walk_in,,
W004000,walk_in,,
W004001,walk_in,,
W004002,walk_in,,
W004003,walk_in,,
W004004,walk_in,,
W004005,walk_in,,
W004006,walk_in,,
W004007,walk_in,,
W004008,walk_in,,
W004009,walk_in,,
W004010,walk_in,,
W004011,walk_in,,
W004012,walk_in,,
W004013,walk_in,,
W004014,walk_in,,
W004015,walk_in,,
W004016,walk_in,,
W004017,walk_in,,
W004018,walk_in,,
W004019,walk_in,,
W004020,walk_in,,
W004021,walk_in,,
W004022,walk_in,,
W004023,walk_in,,
W004024,walk_in,,
W004025,walk_in,,
W004026,walk_in,,
W004027,walk_in,,
W004028,walk_in,,
W004029,walk_in,,
W004030,walk_in,,
W004031,walk_in,,
W004032,walk_in,,
W004033,walk_in,,
W004034,walk_in,,
W004035,walk_in,,
W004036,walk_in,,
W004037,walk_in,,
W004038,walk_in,,
W004039,walk_in,,
W004040,walk_in,,
W004041,walk_in,,
W004042,walk_in,,
W004043,walk_in,,
W004044,walk_in,,
W004045,walk_in,,
W004046,walk_in,,
W004047,walk_in,,
W004048,walk_in,,
W004049,walk_in,,
W004050,walk_in,,
W004051,walk_in,,
W004052,walk_in,,
W004053,walk_in,,
W004054,walk_in,,
W004055,walk_in,,
W004056,walk_in,,
W004057,walk_in,,
W004058,walk_in,,
W004059,walk_in,,
W004060,walk_in,,
W004061,walk_in,,
W004062,walk_in,,
W004063,walk_in,,
W004064,walk_in,,
W004065,walk_in,,
W004066,walk_in,,
W004067,walk_in,,
W004068,walk_in,,
W004069,walk_in,,
W004070,walk_in,,
W004071,walk_in,,
W004072,walk_in,,
W004073,walk_in,,
W004074,walk_in,,
W004075,walk_in,,
W004076,walk_in,,
W004077,walk_in,,
W004078,walk_in,,
W004079,walk_in,,
W004080,walk_in,,
W004081,walk_in,,
W004082,walk_in,,
W004083,walk_in,,
W004084,walk_in,,
W004085,walk_in,,
W004086,walk_in,,
W004087,walk_in,,
W004088,walk_in,,
W004089,walk_in,,
W004090,walk_in,,
W004091,walk_in,,
W004092,walk_in,,
W004093,walk_in,,
W004094,walk_in,,
W004095,walk_in,,
W004096,walk_in,,
W004097,walk_in,,
W004098,walk_in,,
W004099,walk_in,,
W004100,walk_in,,
W004101,walk_in,,
W004102,walk_in,,
W004103,walk_in,,
W004104,walk_in,,
W004105,walk_in,,
W004106,walk_in,,
W004107,walk_in,,
W004108,walk_in,,
W004109,walk_in,,
W004110,walk_in,,
W004111,walk_in,,
W004112,walk_in,,
W004113,walk_in,,
W004114,walk_in,,
W004115,walk_in,,
W004116,walk_in,,
W004117,walk_in,,
W004118,walk_in,,
W004119,walk_in,,
W004120,walk_in,,
